File #,DateTime,Name,ID,Field1,Field2,Application,Method,ElapsedTime,Alloy 1,Match Qual 1,Alloy 2,Match Qual 2,Alloy 3,Match Qual 3,Be,MgO,Al2O3,SiO2,P2O5,S,Cl,K2O,CaO,TiO2,V,Cr,MnO,Fe2O3,Co,Ni,Cu,Zn,As,Se,Rb,Sr,Y,Zr,Nb,Mo,Ru,Rh,Pd,Ag,Cd,In,Sn,Sb,Te,Ba,La,Ce,Hf,Ta,W,Re,Os,Ir,Pt,Au,Hg,Tl,Pb,Bi,Th,U,Cal Check,Ti,Mn,Fe,Sc,Br,I
1,01-01-2006 12:01,051225,219,AMD_01,219,GeoChem,DualMining,"60,0",No Match,"0,0",0,"0,0",0,"0,0",0,"5,2192",0,"6,8962","0,6282","0,3198","0,0431",0,"30,3796","0,0416","0,0226",0,"1,7523","12,2770",0,0,"0,0077","0,1064","0,0038","0,0460","0,1082","0,0059",0,"0,0023",0,"0,0053",0,0,0,"0,5060",0,0,"0,0541",0,0,0,0,0,0,0,"4,0336",0,0,0,0,"0,6793",0,0,0,0,0,"0,0420",Passed,0,0,0,0,0,0
2,01-01-2006 12:05,051225,220,AMD_01,220,GeoChem,DualMining,"60,0",No Match,"0,0",0,"0,0",0,"0,0",0,0,0,"39,3528","0,1788","6,0990","0,1511",0,"11,0200",0,"0,0070",0,"0,5644","8,9771",0,0,"3,7448","0,2916","0,0660",0,0,"0,0028","0,0016",0,0,0,0,0,0,"0,0170",0,0,0,"0,0953",0,0,0,0,0,0,0,0,0,0,0,0,0,0,"0,0428",0,0,0,Passed,0,0,0,0,0,0
3,01-01-2006 12:08,051225,221,AMD_01,221,GeoChem,DualMining,"60,0",No Match,"0,0",0,"0,0",0,"0,0",0,0,"3,3022","31,6082","0,1009","3,3705","0,0743","0,2237","7,9867","0,3216","0,0074",0,"1,2487","8,7085","0,0516","0,0098","9,4522","0,2347","0,5645",0,"0,0030","0,0066",0,"0,0055",0,0,0,0,0,"0,1247",0,0,0,"0,0987",0,0,0,0,0,0,0,0,0,0,0,0,"0,0279",0,"0,0033",0,0,0,Passed,0,0,0,0,0,0
4,01-01-2006 12:12,051225,222,AMD_01,222,GeoChem,DualMining,"60,0",No Match,"0,0",0,"0,0",0,"0,0",0,0,"2,8967","23,4398","0,5128","7,8766","0,0519","0,1413","17,1636","0,2420","0,0136",0,"0,4842","8,7700","0,0146","0,0042","0,8552","1,0066","0,2737",0,"0,0043","0,0052","0,0124","0,0059","0,0022",0,0,0,0,0,"0,0046",0,0,"0,1886",0,0,0,0,0,0,0,0,0,0,0,0,0,0,"0,3416",0,0,0,Passed,0,0,0,0,0,0
5,01-01-2006 12:15,051225,223,AMD_01,223,GeoChem,DualMining,"60,0","1,4713","0,0","1,4847","0,0","1,4542","0,0",0,0,"1,6241","0,8859",0,"30,6352",0,"0,0834","4,4692","0,0921",0,0,"0,7021","41,7822",0,"0,0071","2,1036","0,3109","0,0535",0,"0,0048","0,0018","0,0023","0,0029",0,"0,0170",0,0,0,"0,0183","0,0063",0,0,"1,0857",0,0,0,0,0,0,0,0,0,0,0,0,0,0,"0,5952",0,0,0,Passed,0,0,0,0,0,0
6,01-01-2006 12:17,051225,224,AMD_01,224,GeoChem,DualMining,"60,0","1,4892","0,0","1,4454","0,0","1,3405","0,0",0,0,0,"4,6565",0,"1,6639",0,0,"13,0823",0,0,0,"8,3068","32,1409",0,"0,1128","0,0123","0,4901","0,4090",0,0,"0,0987",0,0,0,0,0,0,0,0,0,0,"0,0285","0,0212",0,"7,0400",0,"0,2498",0,0,0,0,0,0,0,0,"0,0077",0,"0,0043",0,"0,0031",0,Passed,0,0,0,0,0,0
7,01-01-2006 12:21,051225,225,AMD_01,225,GeoChem,DualMining,"60,0",No Match,"0,0",0,"0,0",0,"0,0",0,0,0,"27,8771",0,"6,4952",0,"0,0758","1,2331","2,9360",0,0,"0,6258","3,6109","0,3487","0,7780","0,0446","0,0299","3,0716","0,0044",0,"0,3206",0,0,0,0,0,0,0,0,0,0,"0,0285","0,0193",0,"9,8305",0,"1,5833",0,0,"0,0137",0,0,0,0,0,0,0,0,0,"0,0080","0,0269",Passed,0,0,0,0,0,0
8,01-01-2006 12:24,051225,226,AMD_01,226,GeoChem,DualMining,"62,0",Yellow 8K Gold,"0,0",White 8K Gold,"0,0",White 9K Gold,"0,0",0,0,0,"0,4037",0,"12,0481",0,"0,0621","1,9122","6,6073",0,0,"0,2593","1,0171",0,"0,0156","0,0067",0,"0,0072",0,0,"0,5444",0,0,0,0,0,"0,0280",0,0,0,0,"0,0766","0,0265",0,"15,2429",0,"3,2141",0,0,0,0,0,0,0,0,0,0,0,0,"0,0133",0,Passed,0,0,0,0,0,0
9,01-01-2006 12:26,051225,227,AMD_01,227,GeoChem,DualMining,"60,0","1,4892","0,0","1,3405","0,0","1,4454","0,0",0,0,0,"1,4601",0,"1,7331",0,0,"8,9382","0,0354",0,0,"9,4371","41,2006",0,"0,0141","0,0066","0,5472",0,0,"0,0036","0,0780",0,0,0,0,0,0,0,0,0,0,"0,0173",0,0,"3,7207",0,"0,1438",0,0,0,0,0,0,0,0,0,0,"0,0080","0,0102",0,0,Passed,0,0,0,0,0,0
10,01-01-2006 12:29,051225,228,AMD_01,228,GeoChem,DualMining,"60,0",No Match,"0,0",0,"0,0",0,"0,0",0,"1,8588",0,"54,0680","0,0640","3,8309","0,0574","0,1751","2,6487","0,1015","0,0086",0,"0,0368","9,1391",0,0,"0,1826","0,0090","0,1120",0,"0,0034","0,0039","0,0011","0,0017",0,"0,1050",0,0,0,0,0,0,0,"0,0411",0,0,0,0,0,0,0,0,0,0,0,0,0,0,"0,0148",0,0,0,Passed,0,0,0,0,0,0
11,01-01-2006 12:32,051225,229,AMD_01,229,GeoChem,DualMining,"61,0",No Match,"0,0",0,"0,0",0,"0,0",0,0,"3,4119","48,4824",0,"1,7604","0,0704","0,5278","2,3444","0,9621","0,0130",0,"0,0282","11,9058",0,"0,0063","0,0105","0,0064","0,0734",0,"0,0082","0,0033","0,0012","0,0128","0,0017","0,1031",0,0,0,0,0,0,0,"0,0728",0,0,0,0,0,0,"0,0166",0,0,0,0,0,0,0,"0,0128",0,0,0,Passed,0,0,0,0,0,0
12,01-01-2006 12:35,051225,230,AMD_01,230,GeoChem,DualMining,"60,0","2,4608","0,0","2,4858","0,0","2,4668","0,0",0,"3,2938","4,7654","18,8330","0,0907","0,4279",0,0,"17,3772","0,3143","0,0291",0,"1,1102","15,8417",0,"0,0050",0,0,"0,0071",0,0,"0,0123","0,0030",0,0,"0,0028",0,0,0,0,0,0,0,0,0,0,0,0,0,0,0,0,0,0,0,0,0,0,0,0,0,0,Passed,0,0,0,0,0,0
13,01-01-2006 12:38,051225,231,AMD_01,231,GeoChem,DualMining,"60,0",No Match,"0,0",0,"0,0",0,"0,0",0,0,"2,8802","62,4569",0,"1,0295",0,"0,1949","5,5077","0,1928","0,0087",0,"0,3688","3,3290",0,0,"1,2248","0,0753","0,0700",0,"0,0019","0,0037",0,"0,0018",0,"0,0017",0,0,0,"0,0070","0,0030",0,0,"0,4841",0,0,0,0,0,0,0,0,0,0,0,0,0,0,0,0,0,0,Passed,0,0,0,0,0,0
14,01-01-2006 12:40,051225,232,AMD_01,232,GeoChem,DualMining,"60,0",No Match,"0,0",0,"0,0",0,"0,0",0,0,"3,8830","64,7450",0,"0,8118","0,0231","0,2136","3,6650","0,3023","0,0055",0,"0,4329","4,0860",0,0,"1,1013","0,0782","0,0751",0,"0,0017","0,0027",0,"0,0015",0,0,0,0,0,"0,0056","0,0030",0,0,"0,4015",0,0,0,0,0,0,0,0,0,0,0,0,0,0,0,0,0,0,Passed,0,0,0,0,0,0
15,01-01-2006 12:43,051225,233,AMD_01,233,GeoChem,DualMining,"60,0","1,439","0,0","1,4767","0,0","1,4542","0,0",0,0,"7,7630","30,9031",0,"1,9526",0,"0,5514","1,4353","0,3765","0,0120",0,"0,0229","23,3897",0,0,"4,8999","0,0599","0,2214",0,"0,0064","0,0027","0,0016","0,0043",0,"0,0028",0,0,0,"0,0075",0,0,0,"0,1779",0,0,0,0,0,0,0,0,0,0,0,0,"0,0150",0,"0,0081","0,0069",0,0,Passed,0,0,0,0,0,0
16,01-01-2006 12:45,051225,234,AMD_01,234,GeoChem,DualMining,"60,0","1,439","0,0","1,4361","0,0","1,4767","0,0",0,0,"4,0762","23,2233","0,7867","1,8614",0,0,"3,4036","0,3807","0,0169",0,"0,6836","39,8504",0,"0,0076","0,5562","0,0511","0,0058","0,0024","0,0049","0,0060","0,0013","0,0062",0,"0,0105",0,0,0,0,0,0,0,"0,0189",0,0,0,0,0,0,0,0,0,0,0,0,0,0,"0,0069","0,0090",0,0,Passed,0,0,0,0,0,0
17,01-01-2006 12:50,051225,235,AMD_01,235,GeoChem,DualMining,"60,0",No Match,"0,0",0,"0,0",0,"0,0",0,0,"6,7413","46,7523","0,2738","0,1189",0,"0,0243","4,2240","1,1658","0,0170",0,"0,1102","15,6668",0,0,"0,1532","0,0094","0,0077",0,0,"0,0138",0,"0,0072",0,"0,0031",0,0,0,0,0,0,0,"0,0169",0,0,0,0,0,0,0,0,0,0,0,0,0,0,0,0,0,0,Passed,0,0,0,0,0,0
18,01-01-2006 12:54,051225,236,AMD_01,236,GeoChem,DualMining,"60,0",No Match,"0,0",0,"0,0",0,"0,0",0,0,"2,4691","13,2025","1,9243","0,3611","27,8151","0,5250","3,0642",0,0,0,"0,2159","7,8261","0,0148","0,0187","0,2045","0,0577","0,1154",0,"0,0189","0,1051","0,0022",0,0,"0,0045",0,0,0,"0,1078",0,0,"0,0461","0,0707",0,"3,5505",0,"0,2184",0,0,0,0,0,0,0,0,"0,0138",0,"0,0105",0,0,0,Passed,0,0,0,0,0,0
19,01-01-2006 13:01,051225,237,AMD_01,237,GeoChem,DualMining,"61,0",No Match,"0,0",0,"0,0",0,"0,0",0,0,0,"3,5994","2,2455","0,7716","35,7162","0,0739","6,6469",0,0,0,"0,3645","3,6287",0,"0,0155","0,2297","0,0766","0,0924",0,"0,0042","0,1409","0,0016",0,0,0,0,0,0,"0,0728",0,0,"0,0657","0,0319",0,"9,6277",0,"0,6202",0,0,0,0,0,0,0,0,"0,0076",0,"0,0065",0,"0,0049",0,Passed,0,0,0,0,0,0
20,01-01-2006 13:04,051225,238,AMD_01,238,GeoChem,DualMining,"60,0",No Match,"0,0",0,"0,0",0,"0,0",0,0,"0,5761","6,9277","1,4993","2,3384","25,5003","0,1112","5,6665","0,1426",0,0,"1,2739","10,2689",0,"0,0246","0,2835","0,1072","0,0999",0,"0,0029","0,2369","0,0017",0,0,0,0,0,0,"0,0144","0,0061",0,"0,0449","0,0460",0,"9,8659",0,"0,7128",0,0,0,0,0,0,0,0,0,0,"0,0121",0,"0,0055","0,0061",Passed,0,0,0,0,0,0
21,01-01-2006 13:07,051225,239,AMD_01,239,GeoChem,DualMining,"60,0",No Match,"0,0",0,"0,0",0,"0,0",0,0,"1,1736","14,7719","1,7193","0,5657","26,2557","0,1106","3,5965",0,0,0,"0,1615","3,9110",0,"0,0035","3,2026","0,0164","0,0797",0,"0,0029","0,1411","0,0016",0,0,0,0,0,0,"0,0310",0,0,"0,0285","0,0907",0,"5,1738",0,"0,3156",0,0,0,0,0,0,0,0,"0,0302",0,"0,0060",0,0,0,Passed,0,0,0,0,0,0
22,01-01-2006 13:11,051225,240,AMD_01,240,GeoChem,DualMining,"60,0",No Match,"0,0",0,"0,0",0,"0,0",0,0,"1,3196","9,8585","1,5702","1,7793","24,6043","0,2022","6,3943","0,2500",0,0,"0,7420","7,2626",0,"0,0083","0,2738","0,0793","0,0512",0,"0,0054","0,2600",0,0,0,0,0,0,0,"0,0281",0,0,"0,0516","0,0958",0,"7,7215",0,"0,6500",0,0,0,0,0,0,0,0,0,0,"0,0093",0,"0,0094",0,Passed,0,0,0,0,0,0
23,01-01-2006 13:13,051225,241,AMD_01,241,GeoChem,DualMining,"60,0",No Match,"0,0",0,"0,0",0,"0,0",0,0,0,"5,5045","2,2536","0,3822","36,7266","0,1473","2,8114",0,0,0,"0,3717","5,7598","0,0344","0,0327","0,7538","0,1119","0,4030",0,"0,0068","0,0897","0,0017",0,0,"0,0100",0,0,0,"0,3061",0,0,"0,0665","0,2127",0,"3,8141",0,"0,2529",0,0,0,0,0,0,0,0,0,0,"0,0107",0,"0,0043",0,Passed,0,0,0,0,0,0
24,01-01-2006 13:17,051225,242,AMD_01,242,GeoChem,DualMining,"60,0",No Match,"0,0",0,"0,0",0,"0,0",0,0,"2,3168","13,0838","1,9065","0,2873","26,8877","0,4384","6,2066","0,0996",0,0,"0,2346","6,0204",0,"0,0077","0,2532","0,0566","0,0806",0,"0,0156","0,0555","0,0025","0,0037",0,0,0,0,0,"0,1331",0,0,"0,0657","0,0815",0,"1,8710",0,"0,1206",0,0,0,0,0,0,0,0,0,0,"0,0074",0,0,0,Passed,0,0,0,0,0,0
25,01-01-2006 13:20,051225,243,AMD_01,243,GeoChem,DualMining,"60,0",No Match,"0,0",0,"0,0",0,"0,0",0,0,"2,5885","14,7928","1,8599","0,0947","27,0157","0,2668","2,7427","0,4462","0,0217",0,"0,0490","4,3361",0,"0,0040","0,0235","0,0070","0,0047",0,"0,0099","0,0900","0,0057",0,0,0,0,0,0,0,0,0,0,0,0,"0,0698",0,"0,1026",0,0,0,0,0,0,0,0,0,0,"0,0036",0,0,0,Passed,0,0,0,0,0,0
26,01-01-2006 13:23,051225,244,AMD_01,244,GeoChem,DualMining,"60,0",No Match,"0,0",0,"0,0",0,"0,0",0,0,"1,9323","12,5689","1,7750","0,2441","26,1288","0,5039","3,1795","0,2069","0,0147",0,"0,2156","7,8938",0,"0,0179","0,2093","0,0568","0,0984",0,"0,0211","0,0563","0,0052","0,0051",0,"0,0061",0,0,0,"0,1121",0,0,"0,0317","0,0568",0,"1,5185",0,"0,1192",0,0,0,0,0,0,0,0,"0,0113",0,"0,0126",0,0,0,Passed,0,0,0,0,0,0
27,01-01-2006 12:01,051225,245,AMD_01,245,GeoChem,DualMining,"60,0",No Match,"0,0",0,"0,0",0,"0,0",0,0,"1,2915","14,1043","1,5503","0,4968","24,0515","0,1220","3,5497",0,0,0,"1,1452","15,2768",0,"0,0051","0,2527","0,0602","0,0198",0,"0,0036","0,1513","0,0018",0,0,"0,0031",0,0,0,"0,0136",0,0,0,"0,0812",0,"3,8903",0,"0,2488",0,0,0,0,0,0,0,0,0,0,0,0,"0,0037",0,Passed,0,0,0,0,0,0
28,01-01-2006 12:05,051225,246,AMD_01,246,GeoChem,DualMining,"60,0",No Match,"0,0",0,"0,0",0,"0,0",0,0,0,"8,2886","1,7377","1,6823","27,3249","0,0907","7,7832",0,0,0,"0,5176","2,8451",0,"0,0076","0,9468","0,1312","0,1918",0,0,"0,2967",0,0,0,0,0,0,0,"0,0327","0,0111",0,"0,0571","1,1499",0,"9,5208",0,"0,6562","0,0242",0,0,0,0,0,0,0,0,0,0,0,"0,0077",0,Passed,0,0,0,0,0,0
29,01-01-2006 12:07,051225,247,AMD_01,247,GeoChem,DualMining,"62,0",No Match,"0,0",0,"0,0",0,"0,0",0,0,"0,6757","17,9609","1,6643","0,5476","25,1453","0,0484","4,5750",0,0,0,"0,1852","3,2643",0,"0,0391","0,2211","0,0473","0,2417",0,0,"0,1709","0,0023",0,0,0,0,0,0,0,0,0,"0,0370","0,0349",0,"5,8446",0,"0,3359",0,0,0,0,0,0,0,0,0,0,0,0,0,0,Passed,0,0,0,0,0,0
30,01-01-2006 12:10,051225,248,AMD_01,248,GeoChem,DualMining,"60,0",No Match,"0,0",0,"0,0",0,"0,0",0,0,0,"11,2755","1,7185","0,1246","25,3892","0,0489","9,9481",0,"0,0136","0,0105","3,7918","15,9972",0,"0,0039","0,0496","0,4009","0,0165",0,0,"0,0080","0,0014",0,0,0,0,0,0,0,0,0,0,0,0,"0,1701",0,"0,0771",0,0,0,0,0,0,"0,0052",0,0,0,"0,0035",0,0,0,Passed,0,0,0,0,0,0
31,01-01-2006 12:13,051225,249,AMD_01,249,GeoChem,DualMining,"60,0",No Match,"0,0",0,"0,0",0,"0,0",0,0,"1,9449","9,4215","1,6011","0,0693","22,3013","0,0216","9,8824","0,3682","0,0334","0,0071","0,4360","9,4946",0,"0,0050","0,7164","0,0076","0,0954",0,0,"0,0276","0,0021","0,0027",0,0,0,0,0,0,0,0,0,"0,2253",0,0,0,"0,0640",0,0,0,0,0,0,0,0,0,0,0,"0,0222",0,0,Passed,0,0,0,0,0,0
32,01-01-2006 12:16,051225,250,AMD_01,250,GeoChem,DualMining,"61,0",No Match,"0,0",0,"0,0",0,"0,0",0,0,"2,5158","11,0043","1,7796","0,3270","26,9391","0,3394","7,8138","0,2552","0,0092",0,"0,5315","4,5322",0,0,"0,8260","0,2207","0,0969",0,"0,0152","0,0081","0,0052","0,0074",0,"0,0064",0,0,0,"0,0503",0,0,"0,0302","0,2366",0,"0,1013",0,"0,0449",0,0,0,0,0,0,0,0,0,0,"0,0052",0,0,0,Passed,0,0,0,0,0,0
33,01-01-2006 12:19,051225,251,AMD_01,251,GeoChem,DualMining,"60,0",No Match,"0,0",0,"0,0",0,"0,0",0,0,0,"6,9777","1,7159","0,4516","25,1010",0,"15,9191",0,0,0,"1,4905","6,7722",0,"0,0380","0,0411","0,0737","0,2646",0,0,"0,0767",0,0,0,0,0,0,0,0,0,0,"0,0343",0,0,"4,7146",0,"0,2473",0,0,0,0,0,0,0,0,0,0,"0,0030",0,0,0,Passed,0,0,0,0,0,0
34,01-01-2006 12:22,051225,252,AMD_01,252,GeoChem,DualMining,"60,0",No Match,"0,0",0,"0,0",0,"0,0",0,0,"0,7927","6,3224","1,3975","1,7313","23,5319","0,0438","5,7371","0,2259",0,0,"2,0947","10,7848",0,"0,0701","0,0683","0,1169","0,4709",0,0,"0,2385",0,0,0,"0,0032",0,0,0,0,0,0,"0,0544",0,0,"9,9025",0,"0,7415",0,0,0,0,0,0,0,0,0,0,0,0,"0,0063",0,Passed,0,0,0,0,0,0
35,01-01-2006 12:25,051225,253,AMD_01,253,GeoChem,DualMining,"60,0",No Match,"0,0",0,"0,0",0,"0,0",0,0,0,"6,3079","2,2077","0,3292","34,5712","0,1077","4,5239",0,0,0,"1,0210","8,3143",0,"0,0106","1,3140","0,1731","0,2475",0,"0,0052","0,0289","0,0018","0,0019",0,"0,0040",0,0,0,"0,0561",0,0,0,"0,4010",0,"1,1238",0,"0,1602",0,0,0,0,0,0,0,0,0,0,"0,0036",0,0,0,Passed,0,0,0,0,0,0
36,01-01-2006 12:28,051225,254,AMD_01,254,GeoChem,DualMining,"60,0",No Match,"0,0",0,"0,0",0,"0,0",0,0,0,"4,6454","1,7411","0,2216","24,3589","0,0152","27,4871",0,0,0,"1,2694","1,1635",0,0,"0,0160","0,0384","0,0057",0,0,"0,0154","0,0018",0,0,0,0,0,0,0,0,0,"0,0229","0,0278",0,"1,8649",0,"0,0759",0,0,0,0,0,0,0,0,0,0,"0,0028",0,0,0,Passed,0,0,0,0,0,0
37,01-01-2006 12:31,051225,255,AMD_01,255,GeoChem,DualMining,"60,0","1,439","0,0","1,4892","0,0","1,4361","0,0",0,0,"0,5678","8,0980","1,5610","0,7519","25,7750","0,0203","4,5267",0,"0,0203","0,0142","4,0081","30,8509",0,0,"0,0228","0,2668","0,0659",0,"0,0030","0,0077",0,0,0,"0,0043",0,0,0,0,0,0,0,"0,0352",0,0,0,"0,0736",0,0,0,0,0,0,0,0,0,0,"0,0080","0,0081",0,0,Passed,0,0,0,0,0,0
38,01-01-2006 12:34,051225,256,AMD_01,256,GeoChem,DualMining,"60,0",No Match,"0,0",0,"0,0",0,"0,0",0,0,"0,9090","13,3804","1,6885","0,1783","25,4385","0,2472","9,6061","0,2452","0,0109",0,"0,4287","6,4361",0,"0,0061","0,0462","0,1069","0,0733",0,"0,0082","0,0142","0,0016","0,0045",0,"0,0334",0,0,0,0,0,0,0,"0,0633",0,"0,5968",0,"0,0746",0,0,0,0,0,0,0,0,0,0,"0,0178",0,0,0,Passed,0,0,0,0,0,0
39,01-01-2006 12:36,051225,257,AMD_01,257,GeoChem,DualMining,"60,0",No Match,"0,0",0,"0,0",0,"0,0",0,0,0,"6,3967","1,8202","0,1352","25,3613","0,0324","21,5944","0,0162","0,0069",0,"0,4511","3,1452",0,"0,0032","0,3896",0,"0,0356",0,0,"0,0079","0,0052",0,0,0,0,0,0,0,0,0,0,0,0,0,0,0,0,0,0,0,0,0,0,0,0,0,0,0,0,0,Passed,0,0,0,0,0,0
40,01-01-2006 12:39,051225,258,AMD_01,258,GeoChem,DualMining,"60,0",No Match,"0,0",0,"0,0",0,"0,0",0,0,"1,6240","13,9547","1,7345","0,1019","24,5943","0,3070","7,1876","0,3021","0,0223",0,"0,4824","7,5440",0,"0,0026","0,0084","0,1640","0,0072",0,"0,0111","0,0153","0,0051","0,0041",0,0,0,0,0,0,0,0,0,0,0,0,0,"0,0700",0,0,0,0,0,0,0,"0,0030",0,0,"0,0031",0,0,0,Passed,0,0,0,0,0,0
41,01-01-2006 13:32,051225,259,AMD_01,259,GeoChem,DualMining,"60,0",No Match,"0,0",0,"0,0",0,"0,0",0,0,0,0,"1,4894","4,4967","25,1575","0,0176",0,"3,3391",0,0,"0,1097","1,7804",0,"0,0109","0,7303",0,"4,4994","0,0082",0,"0,2366",0,0,0,"0,0038",0,"0,0228",0,"0,1525",0,0,"0,1535","0,3287",0,"14,5028",0,"2,2791",0,0,"0,0182",0,0,0,0,"0,0012",0,0,"0,0856",0,"0,0074",0,Passed,0,0,0,0,0,0
42,01-01-2006 13:38,051225,260,AMD_01,260,GeoChem,DualMining,"60,0",CuNi25Zn15,"0,0",Rg2,"0,0",CuNi30Mn,"0,0",0,0,0,0,"1,4406","10,6283","25,5656",0,0,"0,0360",0,0,"0,8025","0,8008",0,"0,0305","31,9830","0,6782","5,9422","0,0288",0,"0,0017",0,"0,0020",0,0,0,0,0,"0,1815",0,0,"0,0842","5,5453",0,0,0,0,0,0,0,0,0,0,0,0,0,0,"0,0738",0,0,0,Passed,0,0,0,0,0,0
43,01-01-2006 13:41,051225,261,AMD_01,261,GeoChem,DualMining,"60,0",No Match,"0,0",0,"0,0",0,"0,0",0,0,0,"24,4945","1,7121","3,4889","25,2959",0,0,0,"0,0052",0,"0,0250","5,0120",0,"0,0044","0,4258","1,5785","0,2875",0,0,0,"0,0018",0,0,0,0,0,0,"10,5580",0,0,"1,8472","0,6518",0,0,0,0,0,0,0,0,0,0,0,0,0,0,"0,5982",0,0,0,Passed,0,0,0,0,0,0
44,01-01-2006 13:52,051225,262,AMD_01,262,GeoChem,DualSoil,"60,0",No Match,"0,0",0,"0,0",0,"0,0",0,0,"0,5345","1,7456","1,3002","4,1982","43,6625",0,0,0,0,0,0,0,"0,0443","0,0520","1,8938","0,0257","5,9571","0,0104",0,"0,6593",0,"0,0605",0,0,0,"0,0215",0,"0,1449",0,0,0,"0,3085",0,"29,5472",0,0,0,0,0,0,0,0,0,0,"0,0187",0,"0,4051",0,0,0,Passed,"5,1622",0,"1,1494",0,0,0
45,01-01-2006 13:59,051225,263,AMD_01,263,GeoChem,DualSoil,"60,0",C87600-Si Brs,"0,0",C544-P BrzB2,"0,0",C655-Si BrzA,"0,0",0,0,0,"1,6967","1,5485","10,9753","46,5894",0,0,0,0,0,0,0,"0,0137","0,1608","83,8960","2,6458","10,0827","0,0572",0,"0,0052",0,0,0,0,0,0,0,"0,2167",0,0,0,"5,4033",0,0,0,0,0,0,0,0,0,0,0,0,0,0,"0,4460",0,"0,2508",0,Passed,"0,0250","0,3749","0,6528",0,0,0
46,01-01-2006 14:02,051225,264,AMD_01,264,GeoChem,DualSoil,"60,0",No Match,"0,0",0,"0,0",0,"0,0",0,0,0,"26,2830","1,3891","3,0183","36,6373","0,0286",0,0,0,0,0,0,"0,0535","0,0073","0,4409","1,9118","0,2087",0,0,0,0,0,0,"0,0019",0,0,0,"4,5010",0,0,0,"0,2546",0,0,0,"0,1298",0,0,0,0,0,0,0,"0,0329",0,0,"0,9380",0,0,0,Passed,0,"0,0237","2,8169",0,0,0
47,01-01-2006 14:06,051225,265,AMD_01,265,GeoChem,DualSoil,"60,0",C655-Si BrzA,"0,0",Be Cu,"0,0",C110,"0,0",0,0,0,"7,2829","0,4198","21,0605",0,"0,0136","0,8908",0,0,"0,0061",0,0,"0,0560","0,4953","100,0000",0,"0,0445",0,0,0,0,"0,0083",0,"0,0671",0,0,0,"0,1142",0,0,0,0,0,0,0,0,0,0,0,0,0,0,0,0,0,0,"0,0433",0,"0,8708","0,0610",Passed,0,"0,0174","5,3580",0,0,0
48,01-01-2006 14:10,051225,266,AMD_01,266,GeoChem,DualSoil,"60,0",CuSi1,"0,0",CuSi3Mn,"0,0","CuNi1,5Si","0,0",0,0,"0,2863","7,9761","0,3463","20,6612",0,"0,0149","1,0018",0,0,0,0,0,"0,0253","0,3451","100,0000",0,"0,0401",0,0,"0,0047",0,"0,0064",0,"0,0536",0,0,0,"0,0844",0,0,0,0,0,0,0,0,0,0,0,0,0,0,0,0,0,0,"0,0291",0,"0,5654","0,0903",Passed,0,"0,0247","5,4244",0,0,0
49,01-01-2006 14:18,051225,267,AMD_01,267,GeoChem,DualSoil,"60,0",CuSi1,"0,0",CuSi3Mn,"0,0","CuNi1,5Si","0,0",0,0,0,"8,6754","0,4020","20,6787",0,0,"0,5778",0,0,0,0,0,"0,0644","0,4833","100,0000",0,"0,0545",0,0,0,0,"0,0091",0,"0,0698",0,0,0,"0,1433",0,0,0,0,0,0,0,0,0,0,0,0,0,0,0,0,0,0,"0,0562",0,"1,0945","0,1031",Passed,0,"0,0122","5,1769",0,0,0
50,01-01-2006 14:21,051225,268,AMD_01,268,GeoChem,DualSoil,"60,0",Rg2 Rotguss,"0,0",Rg6 Rotguss,"0,0",CuZn5,"0,0",0,0,0,"1,6203","1,5038","10,9886","47,3523",0,0,0,0,0,0,0,"0,0099","0,1569","91,3115","2,8751","10,9801","0,0569",0,"0,0070",0,"0,0049",0,0,0,0,0,"0,2455",0,0,0,"5,8364",0,0,0,0,0,0,0,0,0,0,0,0,0,0,"0,4538",0,"0,2634",0,Passed,"0,0205","0,3757","0,6524",0,0,0
51,01-01-2006 14:23,051225,269,AMD_01,269,GeoChem,DualSoil,"60,0",No Match,"0,0",0,"0,0",0,"0,0",0,0,0,"25,9279","1,3796","3,1591","37,8413","0,0206",0,0,0,0,0,0,"0,0615","0,0105","0,4482","1,8986","0,2020",0,0,"0,0021",0,0,0,"0,0028",0,0,0,"4,5295",0,0,0,"0,2511",0,0,0,"0,1129",0,0,0,0,0,0,0,"0,0253",0,0,"0,9329",0,0,0,Passed,0,"0,0234","2,8617",0,0,0
52,01-01-2006 14:36,051225,270,AMD_01,270,GeoChem,DualSoil,"60,0",No Match,"0,0",0,"0,0",0,"0,0",0,0,0,"25,9950","1,3809","3,0740","36,5248","0,0315",0,0,0,0,0,0,"0,0565","0,0067","0,4191","1,8226","0,1869",0,0,0,0,0,0,0,0,0,0,"4,2932",0,0,0,"0,2450",0,0,0,"0,1333",0,0,0,0,0,0,0,"0,0303",0,0,"0,8823",0,0,0,Passed,"0,0064","0,0234","2,7860",0,0,0
53,01-01-2006 14:44,051225,271,AMD_01,271,GeoChem,DualSoil,"60,0",Rg2,"0,0",Rg7,"0,0",Rg5,"0,0",0,0,0,"1,5381","1,4713","10,8909","47,2412",0,0,0,0,0,0,0,"0,0131","0,1475","78,2909","2,4665","9,3439","0,0485",0,"0,0052",0,"0,0031",0,0,0,0,0,"0,2136",0,0,0,"5,0023",0,0,0,0,0,0,0,0,0,0,0,0,0,0,"0,3666",0,"0,2135",0,Passed,"0,0186","0,3845","0,6430",0,0,0
54,01-01-2006 14:47,051225,272,AMD_01,272,GeoChem,DualSoil,"60,0",No Match,"0,0",0,"0,0",0,"0,0",0,0,"0,5000","1,7030","1,2616","4,1654","42,3257",0,0,0,0,0,0,0,"0,0426","0,0501","1,6495","0,0212","5,2527","0,0131",0,"0,5816",0,"0,0553",0,0,0,"0,0214",0,"0,1348",0,0,0,"0,2649",0,"26,1318",0,0,0,0,0,0,0,0,0,0,"0,0183",0,"0,3688",0,0,0,Passed,"5,0495",0,"1,1190",0,0,0
55,01-01-2006 14:52,051225,273,AMD_01,273,GeoChem,DualSoil,"60,0",No Match,"0,0",0,"0,0",0,"0,0",0,0,0,"5,8816","1,7460","6,2142","54,3042",0,0,0,0,0,0,0,"0,1664","0,0419","21,6431","0,0455","2,5911","0,0083",0,0,0,"0,0056",0,0,0,0,0,0,0,0,"0,3353","0,3708",0,0,0,"0,1718","0,0473",0,0,0,0,0,0,0,"0,0177",0,"0,0197","0,0336","0,0257",0,Passed,"0,1403",0,"5,8182",0,0,0
56,01-01-2006 14:54,051225,274,AMD_01,274,GeoChem,DualSoil,"60,0",CuNi25Zn15,"0,0",CuNi10Zn42Pb2,"0,0",CuNi37Zn39Mn5Pb3,"0,0",0,0,0,"1,6193","1,5784","7,1855","45,8345",0,0,0,0,0,0,0,"0,3270","0,4799","36,5261","8,7672","7,4530",0,0,"0,0661",0,"0,0077","0,0077","0,0169",0,0,0,"0,8595","0,0153",0,0,"13,8956",0,"2,6374",0,0,0,0,0,0,0,0,0,0,"0,0168",0,"0,2507","0,3648","0,0370",0,Passed,"0,4698","0,2001","2,6274",0,0,0
57,01-01-2006 14:57,051225,275,AMD_01,275,GeoChem,DualSoil,"60,0",No Match,"0,0",0,"0,0",0,"0,0",0,0,0,"2,6334","1,4906","1,2421","49,7965","0,0207","6,7360",0,0,0,0,0,"0,1641","0,6137","0,1511","8,0318","52,8443","0,0651",0,"0,0110",0,0,0,"0,8401",0,0,"0,1193","0,3608",0,0,0,"1,6273",0,0,0,"0,1232",0,0,0,0,0,0,0,"0,1361","0,0617",0,"0,6255",0,0,"0,2184",Passed,"0,0212","0,1292","2,3129",0,0,0
58,01-01-2006 12:03,051225,276,AMD_01,276,GeoChem,DualSoil,"60,0",No Match,"0,0",0,"0,0",0,"0,0",0,0,"2,2112","14,4072","1,4114",0,"31,0781","0,2982","7,6396",0,0,0,0,0,"0,0612",0,"0,0063","0,0894","0,0018",0,"0,0027","0,0092","0,0022","0,0049",0,"0,0012",0,0,0,0,0,0,0,0,0,"0,0325",0,"0,1403",0,0,"0,0028",0,0,0,"0,0026","0,0132",0,0,"0,0033",0,0,0,Passed,"0,2154","0,3136","4,5381",0,0,0
59,01-01-2006 12:06,051225,277,AMD_01,277,GeoChem,DualSoil,"60,0",No Match,"0,0",0,"0,0",0,"0,0",0,0,"1,7691","15,7072","1,2441","0,1019","31,5313","0,0951","4,0245",0,0,0,0,0,"0,1665","0,0096","0,1961","0,0429","0,0084",0,"0,0014","0,1335","0,0016","0,0180",0,"0,0017",0,0,0,0,0,0,0,"0,0313",0,"2,8946",0,0,0,0,0,0,0,0,0,0,0,0,"0,0050",0,0,0,Passed,"0,6876","0,6348","8,7450",0,0,0
60,01-01-2006 12:09,051225,278,AMD_01,278,GeoChem,DualSoil,"60,0",No Match,"0,0",0,"0,0",0,"0,0",0,0,"2,6933","36,7847",0,"3,9045","0,0296","0,1454","7,2970",0,0,0,0,0,0,"0,0170","13,9007","0,3196","0,3967",0,"0,0020","0,0074",0,"0,0074",0,"0,0020",0,0,0,"0,0599",0,0,0,"0,0533",0,0,0,0,0,0,0,0,0,0,0,0,"0,0230",0,"0,0070",0,"0,0078",0,Passed,"0,1333","0,6850","5,4595",0,0,0
61,01-01-2006 12:12,051225,279,AMD_01,279,GeoChem,DualSoil,"60,0",No Match,"0,0",0,"0,0",0,"0,0",0,0,"1,0234","9,7621","1,2783","1,4737","35,4898","0,0465","8,5014",0,0,0,0,0,"0,0319","0,0165","1,1670","0,1631","0,1074",0,0,"0,3484",0,"0,0351",0,0,0,0,0,"0,0087","0,0053",0,0,"0,4486",0,"7,6519",0,0,0,0,0,0,0,0,0,0,0,0,0,0,0,0,Passed,"1,6148","0,1865","1,7629",0,0,0
62,01-01-2006 12:16,051225,280,AMD_01,280,GeoChem,DualSoil,"60,0","1,439","0,0","1,4767","0,0","1,4361","0,0",0,0,"5,2327","10,0623",0,"29,3881",0,"0,3825","5,9911",0,0,0,0,0,0,0,"1,1282","0,2410","0,0447",0,"0,0040",0,0,"0,0102",0,"0,0076",0,0,0,0,"0,0069",0,0,"0,1534",0,0,0,0,0,0,0,0,0,0,0,0,0,0,"0,2946",0,0,0,Passed,"0,3033","0,5471","29,7287",0,0,0
63,01-01-2006 12:19,051225,281,AMD_01,281,GeoChem,DualSoil,"60,0",No Match,"0,0",0,"0,0",0,"0,0",0,0,"1,5285","19,1933","1,3888","0,2525","33,3552",0,"5,0773",0,0,0,0,0,"0,0484","0,0426","0,1659","0,0407","0,0888",0,0,"0,1174","0,0014","0,0170",0,0,0,0,0,0,0,0,0,"0,0093",0,"3,1642",0,0,0,0,0,0,0,0,0,0,0,0,0,0,0,0,Passed,"0,8900","0,0511","1,9194",0,0,0
64,01-01-2006 12:22,051225,282,AMD_01,282,GeoChem,DualSoil,"60,0",No Match,"0,0",0,"0,0",0,"0,0",0,0,"0,6830","11,6625","1,4328",0,"31,5643",0,"10,3779",0,0,0,0,0,"0,0919","0,0049","0,0384","0,2587","0,0064",0,0,"0,0057","0,0029","0,0011",0,0,0,0,0,0,0,0,0,0,0,"0,1090",0,"0,1192",0,0,"0,0042",0,0,0,0,0,0,0,"0,0054",0,0,0,Passed,"0,0129","2,1767","9,5548",0,0,0
65,01-01-2006 12:24,051225,283,AMD_01,283,GeoChem,DualSoil,"60,0",No Match,"0,0",0,"0,0",0,"0,0",0,0,"3,0485","10,0348","1,2444",0,"27,1081",0,"10,5107",0,"0,0108",0,0,0,"0,0474","0,0039","0,4821","0,0103","0,0288",0,0,"0,0171",0,"0,0051",0,0,0,0,0,0,0,0,0,"0,0527",0,0,0,0,0,0,0,0,0,0,0,0,0,0,"0,0030","0,0072",0,0,Passed,"0,2350","0,2788","5,7048",0,0,0
66,01-01-2006 12:27,051225,284,AMD_01,284,GeoChem,DualSoil,"60,0",No Match,"0,0",0,"0,0",0,"0,0",0,0,"3,0819","11,7211","1,4565",0,"33,6870","0,3178","8,3107",0,0,0,0,0,"0,0396",0,"0,4897","0,1287","0,0294",0,"0,0034","0,0048","0,0017","0,0059",0,"0,0019",0,0,0,"0,0076",0,0,0,"0,0482",0,"0,0429",0,"0,1066",0,0,0,0,0,0,0,0,"0,0032",0,"0,0058",0,0,0,Passed,"0,2058","0,3408","2,7413",0,0,0
67,01-01-2006 12:30,051225,285,AMD_01,285,GeoChem,DualSoil,"60,0",No Match,"0,0",0,"0,0",0,"0,0",0,0,"0,7928","7,9008","1,3806","0,2272","30,8912",0,"16,4695",0,0,0,0,0,"0,0596","0,0403","0,0385","0,0511","0,0754",0,0,"0,0694",0,"0,0072",0,0,0,0,0,0,0,0,0,0,0,"2,6171",0,0,0,0,0,0,0,0,0,0,0,0,0,0,0,0,Passed,"0,6536","0,8136","4,1880",0,0,0
68,01-01-2006 12:33,051225,286,AMD_01,286,GeoChem,DualSoil,"60,0",No Match,"0,0",0,"0,0",0,"0,0",0,0,"1,4367","7,0419","1,0543","1,4360","32,0206",0,"6,2464",0,0,0,0,0,"0,1610","0,1457","0,0879","0,1277","0,2792",0,0,"0,3113",0,"0,0319",0,"0,0021",0,"0,0107",0,0,0,0,"0,0544",0,0,"9,3282",0,0,0,0,0,0,0,0,0,0,0,0,0,0,0,0,Passed,"2,2031","1,0267","6,1195",0,0,0
69,01-01-2006 12:36,051225,287,AMD_01,287,GeoChem,DualSoil,"60,0",No Match,"0,0",0,"0,0",0,"0,0",0,0,"0,9621","6,6060","1,8511",0,"45,7022","0,0469","5,0705",0,0,0,0,0,"0,1247","0,0163","0,9029","0,1147","0,0756",0,"0,0019","0,0207",0,"0,0058",0,"0,0013",0,0,0,"0,0119",0,0,0,"0,1045",0,"0,5627",0,0,"0,0160",0,0,0,0,0,0,0,"0,0050",0,"0,0053",0,0,0,Passed,"0,2019","0,5883","4,7269",0,0,0
70,01-01-2006 12:38,051225,288,AMD_01,288,GeoChem,DualSoil,"60,0",No Match,"0,0",0,"0,0",0,"0,0",0,0,"0,6289","5,0650","1,5451",0,"28,4685",0,"27,7331",0,0,0,0,0,0,0,"0,0159","0,0228","0,0018",0,0,"0,0153","0,0021","0,0015",0,0,0,0,0,0,0,0,0,"0,0065",0,"0,8257",0,0,0,0,0,0,0,0,0,0,0,0,"0,0056",0,0,0,Passed,"0,1949","0,7172","0,8274",0,0,0
71,01-01-2006 12:41,051225,289,AMD_01,289,GeoChem,DualSoil,"60,0",No Match,"0,0",0,"0,0",0,"0,0",0,0,"1,1111","8,7159","1,3365","0,7271","33,7558",0,"5,0443",0,0,0,0,0,"0,2443","0,0074","0,0129","0,1521","0,0252",0,"0,0014","0,0036","0,0016","0,0020",0,"0,0025",0,0,0,0,0,0,0,0,0,0,0,"0,1649",0,0,0,0,0,0,0,0,0,0,"0,0103","0,0045",0,0,Passed,0,"2,3335","17,0893",0,0,0
72,01-01-2006 12:44,051225,290,AMD_01,290,GeoChem,DualSoil,"60,0",No Match,"0,0",0,"0,0",0,"0,0",0,0,"2,0506","14,7369","1,4723",0,"32,6407","0,2417","10,6572",0,0,0,0,0,"0,0522","0,0044","0,0362","0,0707","0,0243",0,"0,0019","0,0100",0,"0,0050",0,"0,0105",0,0,0,0,0,0,0,"0,0140",0,"0,3026",0,0,0,0,0,0,0,0,0,0,0,0,"0,0253",0,0,0,Passed,"0,3204","0,2640","4,0547",0,0,0
73,01-01-2006 12:47,051225,291,AMD_01,291,GeoChem,DualSoil,"60,0",No Match,"0,0",0,"0,0",0,"0,0",0,0,"0,9102","6,6148","1,4178",0,"30,1598",0,"22,0136",0,0,0,0,0,"0,0151",0,"0,3274","0,0041","0,0095",0,0,"0,0059","0,0052","0,0012",0,0,0,0,0,0,0,0,"0,0352",0,0,0,0,"0,1124",0,0,0,0,0,0,0,0,0,0,0,0,0,0,Passed,"0,0124","0,2735","2,0852",0,0,0
74,01-01-2006 12:05,051225,292,AMD_01,292,GeoChem,DualSoil,"60,0","2,4608","0,0","2,4858","0,0","2,4668","0,0",0,"9,0283","10,2286","14,8729",0,"2,4101",0,"0,0692","0,0549",0,"0,0113",0,0,0,"2,8224","0,3435","0,0053","0,0068","2,6849","0,0069","0,0089",0,0,0,"0,0051","0,0432",0,0,0,0,0,0,0,0,0,0,0,0,0,0,0,0,0,0,0,0,"0,0145",0,"0,0120",0,0,0,Passed,"0,0747","0,0659","16,5585",0,0,0
75,01-01-2006 12:17,051225,293,AMD_01,293,GeoChem,DualSoil,"62,0",Rg2,"0,0",CuAl10Fe5Ni5,"0,0",CuMn12Ni,"0,0",0,0,0,"35,8724",0,"5,2330",0,0,"9,6639",0,0,0,0,0,0,"0,0744","74,7602","0,2019","0,0682",0,0,"0,0072",0,0,0,0,0,0,0,0,0,0,0,0,0,0,0,0,0,0,0,0,0,0,0,0,0,0,"0,0246",0,"0,1039",0,Passed,0,"2,7566","1,5922",0,0,0
76,01-01-2006 12:31,051225,294,AMD_01,294,GeoChem,DualSoil,"60,0",CuNi25Zn15,"0,0",CuAl10Fe5Ni5,"0,0",Rg2,"0,0",0,0,"1,4315","24,0381",0,"2,4699",0,"0,0247","12,4998",0,0,0,0,0,0,"0,0407","41,0005","4,2334","1,5671",0,0,"0,0226",0,"0,0051","0,0044",0,0,0,0,"0,0088",0,0,0,0,0,0,0,0,0,0,0,0,0,0,"0,0161",0,0,0,"0,0559",0,"0,0380",0,Passed,"0,0555","1,4266","2,9810",0,0,0
77,01-01-2006 12:36,051225,295,AMD_01,295,GeoChem,DualSoil,"60,0",No Match,"0,0",0,"0,0",0,"0,0",0,0,"1,0654","21,2027","0,2851","1,9357","0,0280",0,"30,0539",0,"0,0054",0,0,0,0,"0,0058","2,9253","1,1488","0,0360",0,0,"0,0129",0,"0,0023",0,0,0,0,0,"0,0927",0,0,0,0,0,0,0,0,0,0,"0,0070",0,0,0,0,0,0,0,"0,0304",0,0,0,Passed,"0,0320","5,6243","3,1718",0,0,0
78,01-01-2006 12:39,051225,296,AMD_01,296,GeoChem,DualSoil,"60,0",No Match,"0,0",0,"0,0",0,"0,0",0,0,"0,6678","11,1138","0,1139","3,3170","0,0339",0,"31,2552",0,0,0,0,0,0,"0,0091","8,3688","1,0230","0,0871",0,0,"0,0209","0,0016","0,0029",0,0,0,0,0,"0,0988",0,0,0,0,0,0,0,0,0,0,0,0,0,0,0,0,0,0,"0,0652",0,0,0,Passed,"0,0189","4,6544","2,8815",0,0,0
79,01-01-2006 12:43,051225,297,AMD_01,297,GeoChem,DualSoil,"60,0",CuSi1,"0,0",CuSi3Mn,"0,0",CuMn2,"0,0",0,0,0,"36,4667",0,"5,9609","0,0785",0,"7,7719",0,0,0,0,0,0,"0,0735","100,0000","0,1635","0,0706",0,0,"0,0050",0,"0,0025",0,0,0,0,0,0,0,0,0,0,0,0,0,0,0,0,0,0,0,0,0,0,0,0,"0,0230",0,"0,1827",0,Passed,0,"1,8723","1,1478",0,0,0
80,01-01-2006 12:47,051225,298,AMD_01,298,GeoChem,DualSoil,"61,0",CuAl10Fe5Ni5,"0,0",CuAl11Fe5Ni6,"0,0",CuMn12Ni,"0,0",0,0,"0,4067","22,8835",0,"6,2002","0,1367",0,"4,9560",0,0,"0,0118",0,0,0,"0,0520","60,3881","0,8728","0,0450",0,0,"0,0103",0,0,0,0,0,0,0,"0,0075",0,0,0,0,0,0,0,0,0,0,0,0,0,0,0,0,0,0,"0,0253",0,"0,0779",0,Passed,0,"7,2143","5,3399",0,0,0
81,01-01-2006 12:51,051225,299,AMD_01,299,GeoChem,DualSoil,"60,0",Pure Lead,"0,0",0,"0,0",0,"0,0",0,0,0,"14,2904","0,8590","2,3836","1,4814",0,"0,6057",0,0,0,0,0,"0,0044","0,1339","29,0787","0,2878","4,5588","0,3722",0,"0,1698",0,"0,1243",0,0,0,0,0,"0,4651","0,5398",0,0,"5,8072",0,0,0,0,"0,0372","1,5231",0,0,0,0,0,0,"0,0467","0,1330","100,0000",0,0,0,Passed,"0,0101","0,0050","0,1652",0,0,0
82,01-01-2006 12:55,051225,300,AMD_01,300,GeoChem,DualSoil,"60,0",Pure Lead,"0,0",0,"0,0",0,"0,0",0,0,0,"3,5682","1,3046","4,6449","5,3257",0,0,0,"0,0081","0,0155",0,0,0,"0,5184","31,3391","0,2636","16,9139","0,8529",0,"1,8194",0,"0,4543",0,0,0,0,"0,0233","4,1441","1,7344",0,0,"6,9812",0,0,0,0,"0,0392","5,9889",0,0,0,0,0,0,0,0,"100,0000",0,0,0,Passed,0,0,"0,0710",0,0,0
83,01-01-2006 12:58,051225,301,AMD_01,301,GeoChem,DualSoil,"60,0",Pure Lead,"0,0",0,"0,0",0,"0,0",0,0,0,"41,4007","0,4166","0,2756","0,1262","0,0143","0,7947",0,0,0,0,0,"0,0037","0,0321","3,1484","0,1348","0,6525","0,0416",0,"0,1198",0,"0,0347",0,0,0,0,0,"0,1111","0,1361",0,0,"5,2090",0,0,0,0,0,"0,3106",0,0,0,0,0,0,"0,0249","0,0598","41,0236",0,0,0,Passed,"0,0366",0,"0,1753",0,0,0
84,01-01-2006 13:03,051225,302,AMD_01,302,GeoChem,DualSoil,"60,0",CuNi25Zn15,"0,0",CuAl11Fe5Ni6,"0,0",CuAl10Fe5Ni5,"0,0",0,0,"0,9658","6,5329","0,5940","30,7952",0,"0,0417","3,8108",0,0,0,0,0,0,"0,0332","30,6300",0,"0,0284",0,0,0,0,"0,0147",0,0,0,0,0,0,0,0,0,0,0,0,0,0,0,0,0,0,0,0,0,0,0,0,"0,0197",0,"0,0165",0,Passed,"0,1224","0,0511","23,6560",0,0,0
85,01-01-2006 13:06,051225,303,AMD_01,303,GeoChem,DualSoil,"60,0",No Match,"0,0",0,"0,0",0,"0,0",0,"23,5094",0,"2,0952","0,4269","11,0427",0,"0,1201","2,5104",0,0,0,0,0,"21,3552","13,2651","0,8390","0,0521","40,7417","0,1415",0,0,0,"0,0064",0,"0,1602",0,0,"0,0483","0,0862",0,0,0,0,0,0,0,0,0,0,"0,0954",0,0,0,0,0,"0,0727",0,0,0,0,0,Passed,"0,0517","0,0520","1,3176",0,0,0
86,01-01-2006 13:11,051225,304,AMD_01,304,GeoChem,DualSoil,"60,0",No Match,"0,0",0,"0,0",0,"0,0",0,"15,6647",0,"0,4341","0,1653","9,4539",0,"0,0930","10,7629",0,0,0,0,0,"18,9432","8,3118","0,3657","0,0413","27,8727","0,1018",0,"0,0114",0,0,0,"0,0946",0,0,"0,0359","0,0445",0,0,0,0,0,0,0,"0,1199",0,0,"0,0577",0,0,0,0,0,"0,0681",0,0,0,0,0,Passed,"0,0694","0,1145","0,9282",0,0,0
87,01-01-2006 13:16,051225,305,AMD_01,305,GeoChem,DualSoil,"60,0",Rg2,"0,0",Rg5,"0,0",Rg7,"0,0",0,"12,8985",0,"6,4820","0,5377","24,6521",0,0,0,0,0,0,0,0,0,"0,1253","78,5689","4,8072","9,6822","0,0406",0,"0,0580",0,"0,0079","0,0092",0,0,0,0,"0,1214","0,0134",0,0,"3,5501",0,0,0,0,0,0,0,0,0,0,0,0,0,0,"0,9168",0,"0,1918",0,Passed,"0,0305","0,0433","1,9497",0,0,0
88,01-01-2006 13:18,051225,306,AMD_01,306,GeoChem,DualSoil,"62,0",No Match,"0,0",0,"0,0",0,"0,0",0,"1,5737",0,"76,4772","0,0571","3,5063",0,0,"0,1656",0,"0,0010",0,0,0,0,0,"2,6580","1,4417","0,3394",0,0,"0,0014",0,0,0,0,0,0,0,"0,0246","0,0057",0,0,"0,3575",0,0,0,0,0,0,0,0,0,0,0,0,0,0,"0,0554",0,0,0,Passed,"0,0050","0,0077","0,4989",0,0,0
89,01-01-2006 13:21,051225,307,AMD_01,307,GeoChem,DualSoil,"60,0",No Match,"0,0",0,"0,0",0,"0,0",0,0,0,"49,8406","0,2652","12,2744",0,"0,0589","0,2045",0,0,0,0,0,0,0,"3,2494","12,3492","0,6716",0,0,"0,0648",0,"0,0061",0,0,0,0,0,"0,0371","0,0358",0,0,"0,2460",0,0,0,0,0,0,0,0,0,0,0,"0,1163",0,0,"0,4020",0,0,0,Passed,"0,0126","0,0068","3,3141",0,0,0
90,01-01-2006 13:24,051225,308,AMD_01,308,GeoChem,DualSoil,"60,0",No Match,"0,0",0,"0,0",0,"0,0",0,"2,2192",0,"77,9026","0,1197","2,1414","0,0502","0,0770","0,0390",0,"0,0023",0,0,0,"0,0000",0,"0,0441","0,0047","0,0272",0,0,0,0,0,0,0,0,0,0,0,0,0,0,"0,0105",0,0,0,0,0,0,0,0,0,0,0,"0,0223",0,0,"0,0605",0,0,0,Passed,"0,0085",0,"1,0696",0,0,0
91,01-01-2006 13:27,051225,309,AMD_01,309,GeoChem,DualSoil,"60,0",No Match,"0,0",0,"0,0",0,"0,0",0,"2,3230","1,9876","42,7951","1,2626","6,3469","0,0247","0,0473","0,0655",0,"0,0034",0,0,0,0,0,"4,5462","0,0443","1,3935","0,0108",0,"0,0185",0,"0,0052",0,0,0,0,0,0,0,0,0,"0,0620",0,0,0,0,0,"0,0232",0,0,0,0,0,0,"0,0106","0,0156","5,0892",0,0,0,Passed,0,0,"2,6759",0,0,0
92,01-01-2006 13:30,051225,310,AMD_01,310,GeoChem,DualSoil,"60,0",No Match,"0,0",0,"0,0",0,"0,0",0,"69,4660","1,4347","1,5662",0,"0,2412",0,"0,0210","0,6234",0,0,0,0,0,"0,5306","0,2993","2,6037","0,8356","100,0000","0,3705",0,0,0,0,0,"0,0391",0,0,"0,1122","0,2583",0,0,0,"1,0249",0,0,0,0,0,0,0,0,0,0,0,"0,2803",0,0,"0,1160","0,0535",0,"0,1623",Passed,0,"0,0246","12,3396",0,0,0
93,01-01-2006 13:34,051225,311,AMD_01,311,GeoChem,DualSoil,"60,0",AS41,"0,0",AM60,"0,0",AZ91,"0,0",0,"49,9093","1,7682","40,0831",0,"0,0292",0,"0,4598","1,7351",0,0,"0,0063",0,0,"0,0343","0,4011","0,0619","0,0465","27,6125","0,0607","0,0020","0,0054",0,"0,0040",0,"0,0271",0,0,"0,1312","0,0566",0,0,0,"0,3103",0,0,0,0,"0,0157",0,0,0,0,0,0,"0,0236",0,0,"0,0753",0,0,0,Passed,"0,1324","0,0637","0,8002",0,0,0
94,01-01-2006 13:37,051225,312,AMD_01,312,GeoChem,DualSoil,"60,0",CP Mg,"0,0",AZ31,"0,0",AS41,"0,0",0,"100,0000","0,7347","0,7205",0,0,0,0,0,0,0,"0,0076",0,0,"0,0466","1,8768","0,5543","0,2991","100,0000","0,6500",0,0,0,0,0,0,0,0,"0,3239","1,0677",0,0,0,"3,9763",0,0,0,0,"0,0133",0,0,0,0,0,0,"0,3984",0,0,"0,9832",0,0,0,Passed,"0,0393","0,0088","0,2642",0,0,0
95,01-01-2006 13:40,051225,313,AMD_01,313,GeoChem,DualSoil,"60,0",AZ31,"0,0",CP Mg,"0,0",AS41,"0,0",0,"100,0000","2,6942","3,1810",0,"0,0086",0,"0,2796","0,4623",0,0,"0,0100",0,0,"0,0269","0,3915","0,8712","0,6703","100,0000","1,3539",0,"0,0344",0,0,0,0,0,0,"0,3419","2,3982",0,0,0,"2,0903",0,0,0,0,"0,0187",0,0,0,0,0,0,"0,7991",0,0,"0,1487",0,0,0,Passed,"0,1294","0,0157","0,6460",0,0,0
96,01-01-2006 12:01,051225,314,AMD_01,314,GeoChem,DualSoil,"60,0",Yellow 8K Gold,"0,0",White 8K Gold,"0,0",White 9K Gold,"0,0",0,"2,3482","0,1412",0,0,0,0,0,"2,4635",0,0,0,0,0,0,"0,0123","0,0107","0,0289",0,0,0,"0,4193",0,"0,0380",0,0,0,0,0,0,0,0,"0,0582",0,0,"5,3319",0,0,0,0,0,0,0,0,0,0,0,0,"0,0055",0,0,0,Passed,"1,3627",0,"0,0600",0,0,0
97,01-01-2006 12:04,051225,315,AMD_01,315,GeoChem,DualSoil,"60,0",No Match,"0,0",0,"0,0",0,"0,0",0,0,0,"2,2565","1,4122",0,"72,9904",0,"5,8905",0,"0,0282",0,0,0,"0,2866","0,6507",0,"1,5739","60,4939","0,1628",0,"0,1630",0,"0,0507",0,"0,0179",0,0,"0,0533","1,3213","0,1319",0,0,"0,6364",0,0,0,0,"0,0287","0,4034",0,0,0,0,0,0,0,0,"53,6697",0,0,0,Passed,"0,0213","0,1418","4,8167",0,0,0
98,01-01-2006 12:07,051225,316,AMD_01,316,GeoChem,DualSoil,"60,0",No Match,"0,0",0,"0,0",0,"0,0",0,"13,7082","0,6540","5,3010","1,1966",0,"80,7287","0,2069","0,9574",0,0,"0,0105",0,0,"0,0534","0,1881","0,2322","0,3923","100,0000","0,6460",0,"0,0231",0,0,0,0,0,0,"0,2949","0,9753",0,0,0,"1,9288",0,0,0,"0,1344","0,0210",0,0,0,0,0,0,"0,4939",0,0,"0,3771",0,0,0,Passed,"0,1246","0,0570","1,0359",0,0,0
99,01-01-2006 12:09,051225,317,AMD_01,317,GeoChem,DualSoil,"60,0",No Match,"0,0",0,"0,0",0,"0,0",0,0,0,"26,2143","1,3922","0,5932","34,2908",0,"3,6132",0,0,"0,0064",0,0,"0,0286","0,0455","0,0554","0,2448","0,2019",0,0,"0,0055","0,0056","0,0013",0,"0,2300",0,0,0,0,0,0,0,"0,8636",0,0,0,"0,1261",0,0,0,0,0,0,0,0,0,"0,0199","0,1896",0,0,"0,0237",Passed,"0,0173","0,0755","0,8433",0,0,0
100,01-01-2006 12:12,051225,318,AMD_01,318,GeoChem,DualSoil,"60,0",No Match,"0,0",0,"0,0",0,"0,0",0,"4,6709",0,"3,1443","1,4821","1,2538","48,2687","0,0205","6,3399",0,0,0,0,0,"0,1563","0,6142","0,1536","6,9567","51,9510","0,0694",0,"0,0085",0,0,0,"0,7368",0,0,"0,1364","0,3239",0,0,0,"1,4856",0,0,0,"0,1155",0,0,0,0,0,0,0,"0,1176","0,0670",0,"0,5767",0,0,"0,2291",Passed,"0,0207","0,1204","2,3117",0,0,0
101,01-01-2006 12:21,051225,319,AMD_01,319,GeoChem,DualSoil,"60,0",Yellow 8K Gold,"0,0",White 8K Gold,"0,0",White 9K Gold,"0,0",0,"2,7247","0,1833",0,0,0,0,0,"2,8675",0,0,0,0,0,0,"0,0117","0,0114","0,0285",0,0,0,"0,4293",0,"0,0392",0,0,0,0,0,0,0,0,"0,0751",0,0,"5,2724",0,0,0,0,0,0,0,0,0,0,0,0,"0,0073",0,0,0,Passed,"1,5594",0,"0,0652",0,0,0
102,01-01-2006 12:24,051225,320,AMD_01,320,GeoChem,DualSoil,"60,0",No Match,"0,0",0,"0,0",0,"0,0",0,0,"2,0659","6,2191","1,2620",0,"30,6322","0,5656","5,1320",0,0,0,0,0,"0,4476","0,1409","0,0248","0,0101","0,6112",0,"0,0045",0,"0,0032","0,0032",0,"0,0165",0,0,0,0,0,0,0,"0,0241",0,0,0,0,0,0,0,0,0,0,0,0,0,0,"0,0217",0,0,0,Passed,"0,1015","3,1498","17,5409",0,0,0
103,01-01-2006 12:28,051225,321,AMD_01,321,GeoChem,DualSoil,"60,0",No Match,"0,0",0,"0,0",0,"0,0",0,0,"1,2382","5,3212","1,9802",0,"49,3605","0,4488","3,0516",0,0,0,0,0,"0,9803","0,9125","0,1697","0,0191","3,5550","0,0113","0,0054","0,0071",0,"0,0071",0,"0,0481",0,0,0,"0,0410",0,0,0,"0,1161",0,0,0,"0,2484",0,0,"0,0062",0,0,0,0,0,"0,0332",0,"0,0726",0,0,0,Passed,"0,2865","0,2953","1,9543",0,0,0
104,01-01-2006 12:31,051225,322,AMD_01,322,GeoChem,DualSoil,"60,0",No Match,"0,0",0,"0,0",0,"0,0",0,0,"2,7217","11,0070","1,1403","0,3252","33,6070","0,6906","1,4738",0,0,0,0,0,"0,0938","0,0338","0,0476","0,0515","8,6881","0,0275","0,0050","0,0077","0,0040","0,0104",0,"0,0168",0,0,"0,0328","0,0116",0,0,0,"0,5351",0,0,0,0,0,0,0,0,0,0,0,"0,0208","0,1591","0,0240","0,0468",0,0,0,Passed,"0,5278","0,2443","4,0771",0,0,0
105,01-01-2006 12:34,051225,323,AMD_01,323,GeoChem,DualSoil,"61,0",No Match,"0,0",0,"0,0",0,"0,0",0,0,"1,4881","9,7636","1,2125","0,0669","42,3937","0,7274","3,0550",0,0,"0,0069",0,0,"0,2052","0,2694","0,2303","0,1205","39,9100","0,1287","0,0091","0,0112",0,"0,0074",0,"0,0080",0,0,"0,1156","0,1143",0,0,0,"0,4943",0,0,0,"0,1115","0,0099",0,0,0,0,0,0,"0,0827","0,1417","0,0279","0,0116",0,0,0,Passed,"0,2723","0,2632","2,9434",0,0,0
106,01-01-2006 12:38,051225,324,AMD_01,324,GeoChem,DualSoil,"60,0",No Match,"0,0",0,"0,0",0,"0,0",0,0,"0,7907","3,6640","1,8826","2,6053","49,4423","0,1787","6,1768",0,0,0,0,0,"0,1735","0,0097","0,0111","0,0109","0,2501",0,"0,0030","0,0188","0,0027","0,0060",0,"0,0058",0,0,0,0,0,0,"0,0259","0,0213",0,0,0,"0,3008",0,0,0,0,0,0,0,0,0,0,"0,0098",0,0,0,Passed,"0,1174","0,2415","5,6373",0,0,0
107,01-01-2006 12:41,051225,325,AMD_01,325,GeoChem,DualSoil,"61,0",No Match,"0,0",0,"0,0",0,"0,0",0,0,"5,0588","14,8651","1,3737","0,4312","33,3219","1,7276","1,6929",0,"0,0080",0,0,0,"0,0603","0,0061","0,0858","0,0471","0,2056",0,"0,0107","0,0053","0,0024","0,0101",0,"0,0098",0,0,0,0,0,0,0,"0,0392",0,"0,0271",0,"0,1204",0,0,0,0,0,0,0,0,0,0,"0,0553",0,0,0,Passed,"0,5748","0,1143","2,2339",0,0,0
108,01-01-2006 12:43,051225,326,AMD_01,326,GeoChem,DualSoil,"60,0",No Match,"0,0",0,"0,0",0,"0,0",0,0,"2,7710","10,8915","1,4943","0,2138","33,8315","0,7669","5,7083",0,0,0,0,0,"0,0944","0,0135","0,0572","0,0327","0,2432",0,"0,0058","0,0224","0,0021","0,0103",0,"0,0045",0,0,0,"0,0099",0,0,0,"0,0222",0,0,0,"0,1574",0,0,0,0,0,0,0,0,0,0,"0,0123",0,0,0,Passed,"0,3708","0,1482","3,7491",0,0,0
109,01-01-2006 12:46,051225,327,AMD_01,327,GeoChem,DualSoil,"60,0",No Match,"0,0",0,"0,0",0,"0,0",0,0,"0,3280","0,6718","2,4434",0,"64,2185","0,0552",0,0,0,"0,0072",0,0,"0,0792","0,0021","0,0225","0,1131","0,0583",0,"0,0088","0,0065","0,0022","0,0109",0,"0,0050",0,0,0,"0,0035",0,0,0,"0,0374",0,"0,0216",0,"0,4679",0,0,0,0,0,0,"0,0092",0,0,0,"0,1104",0,0,0,Passed,"0,1479","0,0773","1,4104",0,0,0
110,01-01-2006 12:49,051225,328,AMD_01,328,GeoChem,DualSoil,"60,0",No Match,"0,0",0,"0,0",0,"0,0",0,0,"0,5542","0,9265","2,4027",0,"61,6265","0,0540","0,2346",0,0,"0,0072",0,0,"0,2001","0,0113","0,2184","0,1817","0,5115",0,"0,0071","0,0180","0,0029","0,0102",0,"0,0127",0,0,0,"0,0364",0,0,0,"0,1744",0,"0,0350",0,"0,4240",0,0,0,0,0,0,0,0,0,0,"0,1264",0,0,0,Passed,"0,1765","0,4628","3,9693",0,0,0
111,01-01-2006 12:52,051225,329,AMD_01,329,GeoChem,DualSoil,"60,0",No Match,"0,0",0,"0,0",0,"0,0",0,0,"1,4979","6,0431","1,5855",0,"42,2123","0,1813","12,3177",0,0,"0,0052",0,0,"0,0657","0,0118","0,0677","0,8276","2,6734","0,0164",0,"0,0934",0,"0,0190",0,0,0,0,0,"0,0112","0,0138",0,0,"0,0401",0,0,0,"0,1681",0,"0,0763",0,0,0,0,0,0,"0,0210","0,0176","13,4296",0,0,0,Passed,"0,1337","0,4853","2,8327",0,0,0
112,01-01-2006 12:55,051225,330,AMD_01,330,GeoChem,DualSoil,"60,0",No Match,"0,0",0,"0,0",0,"0,0",0,0,"3,1744","11,1554","1,3561",0,"30,5231","0,5012","9,6103",0,0,0,0,0,"0,0577","0,0077","0,0311","0,0679","0,7739",0,"0,0042","0,0329","0,0022","0,0089",0,0,0,0,0,"0,0595",0,0,0,"0,0411",0,"0,0581",0,0,0,0,0,0,0,0,0,0,"0,0238",0,"0,0646",0,0,0,Passed,"0,3727","0,1962","3,7744",0,0,0
113,01-01-2006 12:57,051225,331,AMD_01,331,GeoChem,DualSoil,"60,0",No Match,"0,0",0,"0,0",0,"0,0",0,0,"0,9182","3,0957","1,6128",0,"30,2263","0,0531","24,8203",0,0,0,0,0,"0,0315","0,0584","0,0654","0,0443","0,6664",0,0,"0,0201","0,0054","0,0028",0,0,0,0,0,"0,0245",0,0,0,"0,0250",0,0,0,"0,1677",0,0,0,0,0,0,0,0,0,0,"0,1491",0,0,0,Passed,"0,0460","1,1504","1,5719",0,0,0
114,01-01-2006 12:07,051225,332,AMD_01,332,GeoChem,DualSoil,"60,0",No Match,"0,0",0,"0,0",0,"0,0",0,"1,4978",0,"77,4035","0,0748","3,3313","0,0269",0,"0,6563",0,0,0,0,0,"0,0000",0,"1,0863","0,0966","0,0894",0,0,"0,0018",0,0,0,"0,0019",0,0,0,"0,0049",0,0,0,"0,2268",0,"0,3108",0,0,0,0,0,0,0,0,0,0,"0,0023",0,"0,0023","0,0029",0,0,Passed,"0,0589","0,0283","1,6765",0,0,0
115,01-01-2006 12:12,051225,333,AMD_01,333,GeoChem,DualSoil,"60,0",No Match,"0,0",0,"0,0",0,"0,0",0,0,"0,5761","44,4175",0,"8,3243",0,"0,0816","0,6971",0,0,0,0,0,0,"0,0083","5,3258","0,6408","0,5330",0,0,"0,0029",0,"0,0055",0,"0,0063",0,0,0,"0,0503","0,0056",0,0,"0,5675",0,"0,0694",0,0,0,0,0,0,0,0,0,0,"0,0089",0,0,0,0,0,Passed,"0,0316","0,0309","3,2779",0,0,0
116,01-01-2006 12:17,051225,334,AMD_01,334,GeoChem,DualSoil,"60,0",No Match,"0,0",0,"0,0",0,"0,0",0,"7,0122",0,"24,7353","0,2043","0,1993","0,0399",0,"26,5037",0,0,0,0,0,0,0,"0,2531","0,1360","0,0068",0,0,"0,0068","0,0019","0,0011",0,0,0,0,0,0,0,0,0,"0,0319",0,"0,1577",0,0,0,0,0,0,0,0,0,0,0,0,"0,0055",0,0,0,Passed,0,"0,8771","7,2623",0,0,0
117,01-01-2006 12:23,051225,335,AMD_01,335,GeoChem,DualSoil,"60,0",No Match,"0,0",0,"0,0",0,"0,0",0,0,"1,4322","22,2895","0,1407","1,3079","0,0722","0,1411","25,0177",0,"0,0094",0,0,0,0,0,"3,0980",0,"0,0502",0,"0,0014","0,0036","0,0058","0,0010",0,0,0,0,0,0,0,0,0,"0,0118",0,0,0,0,0,0,0,0,0,0,0,0,0,0,"0,0140",0,0,0,Passed,0,"0,2465","10,9144",0,0,0
118,01-01-2006 12:25,051225,336,AMD_01,336,GeoChem,DualSoil,"60,0",No Match,"0,0",0,"0,0",0,"0,0",0,"2,6279","2,2868","64,7071","0,0701","2,5695",0,"0,4939","3,9545",0,"0,0022",0,0,0,0,"0,0046","2,2403",0,"0,4270",0,0,"0,0013",0,"0,0011",0,"0,1555",0,0,0,0,0,0,0,"0,0141",0,0,0,0,"0,0252",0,0,0,0,0,0,0,0,0,"0,0084",0,0,0,Passed,"0,0544","0,2344","4,3890",0,0,0
119,01-01-2006 12:34,051225,337,AMD_01,337,GeoChem,DualSoil,"60,0",No Match,"0,0",0,"0,0",0,"0,0",0,0,0,"33,5140","0,1197","18,2107",0,"0,0281","3,9519",0,0,0,0,0,0,"0,0139","14,5735",0,"0,4919",0,0,"0,0032",0,0,0,"0,0563",0,0,0,0,0,0,0,"0,0195",0,0,0,0,0,0,0,0,0,0,0,0,0,0,"0,0083",0,"0,0100",0,Passed,0,"0,1473","14,1082",0,0,0
120,01-01-2006 12:40,051225,338,AMD_01,338,GeoChem,DualSoil,"60,0",No Match,"0,0",0,"0,0",0,"0,0",0,"2,1849","2,1897","71,6129",0,"2,5417",0,"0,5276","0,6737",0,"0,0016",0,0,0,0,"0,0063","3,2648","0,0145","0,7019",0,0,"0,0016",0,"0,0019",0,"0,1426",0,0,0,0,0,0,0,"1,2591",0,0,0,0,"0,0387",0,0,0,0,0,0,0,"0,0063",0,"0,0117",0,0,0,Passed,"0,0719","0,1072","2,3732",0,0,0
121,01-01-2006 12:43,051225,339,AMD_01,339,GeoChem,DualSoil,"61,0",No Match,"0,0",0,"0,0",0,"0,0",0,"1,9070","3,5888","70,8062",0,"1,8910",0,"0,8579","1,4043",0,"0,0028",0,0,0,0,"0,0059","2,4097",0,"0,5188",0,"0,0022","0,0022",0,"0,0022",0,"0,1006",0,0,0,0,0,0,0,"0,8982",0,0,0,0,"0,0270",0,0,0,0,0,0,0,"0,0023",0,"0,0065",0,0,0,Passed,"0,2019","0,0871","1,9679",0,0,0
122,01-01-2006 12:46,051225,340,AMD_01,340,GeoChem,DualSoil,"60,0",No Match,"0,0",0,"0,0",0,"0,0",0,0,"0,9385","26,5180",0,"2,7725",0,"0,0896","25,9806",0,0,0,0,0,0,0,"4,1614",0,"0,2450",0,0,"0,0060","0,0034",0,0,"0,1002",0,0,0,0,0,0,0,"0,0186",0,0,0,0,"0,0198",0,0,0,0,0,0,0,0,0,"0,0086",0,0,0,Passed,0,"1,3793","8,2699",0,0,0
123,01-01-2006 12:49,051225,341,AMD_01,341,GeoChem,DualSoil,"60,0",No Match,"0,0",0,"0,0",0,"0,0",0,0,"1,0467","29,6642","0,1439","21,6476",0,"0,1781","0,2880",0,0,0,0,0,0,"0,0396","16,5545",0,"0,4212",0,0,0,0,0,0,"0,2384",0,0,0,0,0,0,0,"0,0241",0,0,0,0,0,0,0,0,0,0,0,0,0,0,"0,0245",0,"0,0077",0,Passed,"0,0167","0,0360","15,6074",0,0,0
124,01-01-2006 12:52,051225,342,AMD_01,342,GeoChem,DualSoil,"60,0",No Match,"0,0",0,"0,0",0,"0,0",0,0,"0,7462","45,1578",0,"13,6305",0,"0,2017","1,0504",0,0,0,0,0,0,"0,0315","11,0100","0,0071","0,9338","0,0014",0,"0,0028",0,0,0,"0,2086",0,0,0,0,0,0,0,"0,0545",0,0,0,0,0,0,0,0,0,0,0,0,"0,0061",0,"0,0201",0,0,0,Passed,"0,0213","0,0456","8,8553",0,0,0
125,01-01-2006 12:55,051225,343,AMD_01,343,GeoChem,DualSoil,"60,0",No Match,"0,0",0,"0,0",0,"0,0",0,"50,1788","2,6454","49,4562",0,"0,5484",0,"0,4686","0,0649",0,0,"0,0057",0,0,"0,0118","0,0927","0,3356","0,1437","100,0000","0,2215","0,0055","0,0290",0,"0,0064",0,"0,0405",0,0,"0,1913","0,2627",0,0,0,"0,8564",0,0,0,0,"0,0134",0,0,0,0,0,0,"0,1725",0,0,"0,0249",0,0,0,Passed,"0,0951",0,"0,9877",0,0,0
126,01-01-2006 12:58,051225,344,AMD_01,344,GeoChem,DualSoil,"60,0",AS41,"0,0",AM60,"0,0",AZ31,"0,0",0,"32,5430","1,3908","24,7425","0,2128","7,7898",0,"0,3376","8,3565",0,0,0,0,0,"0,0141","0,0342","0,4309","0,0882","21,8662","0,0572","0,0035","0,0107",0,"0,0025",0,"0,0099",0,0,"0,0446","0,0200",0,0,0,"0,4501",0,0,0,0,0,0,0,0,0,0,0,"0,0342","0,0793",0,"0,0580",0,0,0,Passed,"0,0460","0,3250","10,2579",0,0,0
127,01-01-2006 13:02,051225,345,AMD_01,345,GeoChem,DualSoil,"60,0",AS41,"0,0",AM60,"0,0",AZ91,"0,0",0,"46,8370","0,5481","6,0396",0,"0,7148",0,"0,1218","12,9073",0,0,0,0,0,"5,4300","16,8394","1,7827","0,0418","35,9264","0,1101",0,"0,0109",0,0,0,"0,0774",0,0,"0,0751","0,1313",0,0,0,"0,1456",0,0,0,0,0,0,"0,0669",0,0,0,0,0,"0,0647",0,0,0,0,0,Passed,0,"0,5578","5,3996",0,0,0
128,01-01-2006 13:05,051225,346,AMD_01,346,GeoChem,DualSoil,"60,0",No Match,"0,0",0,"0,0",0,"0,0",0,"6,4145",0,0,"0,3319","0,6262","0,0768",0,"45,7324",0,0,0,0,0,"1,6853","0,6056","0,2887","0,0085","1,6944","0,0052",0,"0,0167","0,0050","0,0014",0,"0,0019",0,0,0,"0,0412",0,0,0,"0,0865",0,0,0,0,0,0,"0,0042",0,0,0,0,0,"0,0309",0,0,0,0,0,Passed,0,"1,2724","2,5087",0,0,0
129,01-01-2006 13:12,051225,347,AMD_01,347,GeoChem,DualSoil,"60,0",No Match,"0,0",0,"0,0",0,"0,0",0,"4,4316","0,6804","0,7333","0,0738","0,2966","0,0263",0,"20,5506",0,0,0,0,0,0,"0,0107","0,1733","0,0215","0,3123",0,0,"0,0023","0,0044","0,0011",0,"0,0054",0,0,0,0,0,0,0,"0,1205",0,0,0,0,0,0,0,0,0,0,0,0,"0,0043",0,"0,0068",0,0,0,Passed,0,"2,7856","15,3996",0,0,0
130,01-01-2006 13:15,051225,348,AMD_01,348,GeoChem,DualSoil,"60,0",No Match,"0,0",0,"0,0",0,"0,0",0,"7,1099",0,"47,6635",0,"2,9390",0,"0,1317","2,2327",0,0,0,0,0,"0,7038","0,2489","3,5421","0,6290","10,3353","0,0165",0,"0,0039",0,0,0,"0,6432",0,0,0,"0,3280",0,0,0,"1,8309",0,0,0,0,0,0,0,0,0,0,0,0,"0,0491",0,"0,1478",0,0,0,Passed,"0,0472","0,5710","8,6952",0,0,0
131,01-01-2006 13:18,051225,349,AMD_01,349,GeoChem,DualSoil,"60,0",No Match,"0,0",0,"0,0",0,"0,0",0,"3,8650","5,2157","29,6315","0,1188","0,0640",0,"0,6939","19,5305",0,"0,0053",0,0,0,0,0,"0,0097","0,0020","0,2302",0,"0,0032","0,0053","0,0024","0,0034",0,"0,0077",0,0,0,0,0,0,0,"0,0162",0,0,0,0,0,0,0,0,0,0,0,0,0,0,0,0,0,0,Passed,"0,2966","1,2917","6,3838",0,0,0
132,01-01-2006 13:23,051225,350,AMD_01,350,GeoChem,DualSoil,"60,0",AZ31,"0,0",AS41,"0,0",CP Mg,"0,0",0,"98,0367","3,0487","17,0871",0,"0,0988",0,"0,5560","0,7044",0,0,"0,0062",0,0,"0,0390","0,1687","2,0472","0,5079","100,0000","0,4666",0,"0,0173",0,"0,0092",0,"0,0182",0,0,"0,2387","0,6166",0,0,0,"3,8987",0,0,0,0,"0,0146",0,0,0,0,0,0,"0,3631",0,0,"0,0458",0,0,0,Passed,"0,1592","0,0260","1,2418",0,0,0
133,01-01-2006 13:30,051225,351,AMD_01,351,GeoChem,DualSoil,"60,0",No Match,"0,0",0,"0,0",0,"0,0",0,"19,5188","4,2214","51,2273",0,"0,6502",0,"1,0242","3,8118",0,"0,0040",0,0,0,0,"0,0110","0,0840","0,0181","11,8400","0,0227","0,0041","0,0035",0,"0,0048",0,"0,0174",0,0,"0,0425","0,0112",0,0,0,"0,1694",0,0,0,0,0,0,0,0,0,0,0,"0,0167","0,0488","0,0068","0,0045",0,0,0,Passed,"0,1805","0,1375","1,6697",0,0,0
134,01-01-2006 13:35,051225,352,AMD_01,352,GeoChem,DualSoil,"60,0",No Match,"0,0",0,"0,0",0,"0,0",0,0,"0,5258",0,"0,3572","0,4732","0,0530",0,"51,1824",0,0,0,0,0,0,0,"0,0061","0,0190","0,3863",0,0,"0,0170","0,0026","0,0015",0,0,0,0,0,"0,0156",0,0,0,"0,0154",0,"0,0512",0,0,0,0,0,0,0,0,0,0,"0,0046",0,"0,0099",0,0,0,Passed,"0,0247","1,3915","0,7374",0,0,0
135,01-01-2006 13:37,051225,353,AMD_01,353,GeoChem,DualSoil,"60,0",No Match,"0,0",0,"0,0",0,"0,0",0,0,"1,9249","45,8572",0,"5,4153",0,"0,4992","5,1714",0,0,0,0,0,0,"0,0118","6,7540","0,1915","0,6614",0,"0,0035","0,0030",0,"0,0032",0,"0,0133",0,0,0,0,0,0,0,"2,1933",0,0,0,0,0,0,0,0,0,0,0,0,"0,0178",0,"0,0047",0,0,0,Passed,"0,1035","0,2960","5,9228",0,0,0
136,01-01-2006 13:40,051225,354,AMD_01,354,GeoChem,DualSoil,"60,0",No Match,"0,0",0,"0,0",0,"0,0",0,0,"2,5307","58,8537",0,"4,4716",0,"0,6792","1,1129",0,0,0,0,0,0,"0,0104","5,7808","0,2079","0,6312",0,"0,0032","0,0098",0,"0,0033",0,"0,0359",0,0,0,0,0,0,0,"2,3750",0,0,0,0,"0,0409",0,0,0,0,0,0,0,"0,0422",0,"0,0058",0,0,0,Passed,"0,1024","0,1000","2,5172",0,0,0
137,01-01-2006 13:44,051225,355,AMD_01,355,GeoChem,DualSoil,"60,0",No Match,"0,0",0,"0,0",0,"0,0",0,"7,2157","1,7138","23,8766","0,1380","1,9068","0,0278",0,"23,6838",0,"0,0085",0,0,0,0,0,"0,3547","0,1885","0,0383",0,0,"0,0088","0,0027","0,0028",0,0,0,0,0,0,0,0,0,"0,0520",0,0,0,0,0,0,0,0,0,0,0,0,0,0,"0,0806",0,0,0,Passed,"0,0554","0,3958","8,1134",0,0,0
138,01-01-2006 13:48,051225,356,AMD_01,356,GeoChem,DualSoil,"61,0",No Match,"0,0",0,"0,0",0,"0,0",0,0,"8,8090","23,9433","0,1643","0,7934",0,"0,0993","27,1943",0,"0,0053",0,0,0,0,0,"0,0071","0,0016","0,0040",0,"0,0020","0,0197","0,0020","0,0070",0,0,0,0,0,0,0,0,0,0,0,0,0,0,0,0,0,0,0,0,0,0,0,0,0,0,0,0,Passed,"0,4364","0,1699","1,7572",0,0,0
139,01-01-2006 13:50,051225,357,AMD_01,357,GeoChem,DualSoil,"60,0",No Match,"0,0",0,"0,0",0,"0,0",0,0,"14,6222","41,3565","0,0749","0,6533",0,"1,8811","5,2479",0,"0,0122",0,0,0,0,0,"0,0036","0,0036","0,0028",0,"0,0092","0,0337","0,0020","0,0126",0,0,0,0,0,0,0,0,0,0,0,0,0,0,0,0,0,0,0,0,0,0,0,0,0,0,0,0,Passed,"0,5275","0,0917","2,1609",0,0,0
140,01-01-2006 12:02,051225,358,AMD_01,358,GeoChem,DualSoil,"60,0",Yellow 8K Gold,"0,0",White 8K Gold,"0,0",White 9K Gold,"0,0",0,0,"4,4213","18,1770","0,0448",0,0,"0,8643","4,2166",0,0,0,0,0,0,"0,0034","0,0155","0,0316","0,0039",0,"0,0119","0,0188","0,0025","0,0187",0,0,0,0,0,0,0,0,0,0,0,"0,0500",0,0,0,0,0,0,0,0,0,0,0,0,"0,0042",0,0,0,Passed,"0,3009","0,1077","2,0029",0,0,0
141,01-01-2006 12:07,051225,359,AMD_01,359,GeoChem,DualSoil,"60,0",No Match,"0,0",0,"0,0",0,"0,0",0,0,"4,4315","19,9235","0,1963","0,0424",0,"0,7618","25,2165",0,0,0,0,0,0,0,"0,0166","0,0497","0,0021",0,"0,0182","0,0134","0,0016","0,0070",0,0,0,0,0,0,0,0,0,0,0,0,0,0,0,0,0,0,0,0,0,0,"0,0059",0,0,0,0,0,Passed,"0,0654","0,0242","1,1175",0,0,0
142,01-01-2006 12:11,051225,360,AMD_01,360,GeoChem,DualMining,"60,0",No Match,"0,0",0,"0,0",0,"0,0",0,0,"2,2863","18,1532","0,1714","0,0743",0,"0,6424","23,7560","0,0806",0,0,"0,0345","1,4854",0,"0,0024","0,0156","0,0685","0,0078",0,"0,0565","0,0147","0,0030","0,0054",0,0,0,0,0,"0,0187",0,0,0,0,0,0,0,0,0,0,0,0,0,0,0,0,0,0,0,0,0,0,Passed,0,0,0,0,0,0
143,01-01-2006 12:16,051225,361,AMD_01,361,GeoChem,DualMining,"60,0",No Match,"0,0",0,"0,0",0,"0,0",0,"2,2599","7,3533","28,6484","0,1131","0,0188",0,"1,3005","5,9018","0,5338","0,0145",0,"0,2698","5,0193",0,0,"0,0199","0,0357","0,0081",0,"0,0300","0,0252","0,0119","0,0143",0,0,0,0,0,0,0,0,0,0,0,"0,0951",0,0,0,0,0,0,0,0,0,0,0,0,"0,0044",0,0,0,Passed,0,0,0,0,0,0
144,01-01-2006 12:39,051225,362,AMD_01,362,GeoChem,DualMining,"60,0",No Match,"0,0",0,"0,0",0,"0,0",0,0,"5,6632","26,8087","0,2024",0,0,"1,9297","24,4589","0,1089",0,0,"0,0799","1,8839",0,"0,0025","0,0150","0,0939","0,0071",0,"0,1257","0,0086","0,0038","0,0168",0,0,0,"0,0219",0,"0,0886",0,0,"0,0245",0,0,0,0,0,0,0,0,0,0,0,0,0,"0,0416",0,0,0,0,0,Passed,0,0,0,0,0,0
145,01-01-2006 12:43,051225,363,AMD_01,363,GeoChem,DualMining,"60,0",No Match,"0,0",0,"0,0",0,"0,0",0,0,"6,1282","31,3609","0,1205",0,0,"1,7782","16,3747","0,0875",0,0,"0,0579","1,9619",0,0,"0,0268","0,0788","0,0202",0,"0,1024","0,0088","0,0044","0,0139",0,"0,0033",0,0,0,"0,0266",0,0,0,0,0,"0,0500",0,0,0,0,0,0,0,0,0,0,"0,0714",0,0,0,0,0,Passed,0,0,0,0,0,0
146,01-01-2006 12:46,051225,364,AMD_01,364,GeoChem,DualMining,"60,0",Bi,"0,0",0,"0,0",0,"0,0",0,0,"2,0995","11,6785","0,3451","6,8796","0,0409","0,9714","16,7022","0,0705",0,0,"0,0441","1,2683",0,0,"0,0097","0,0044","0,0162",0,"0,0238","0,0313","0,0048",0,0,0,0,0,0,0,0,0,0,0,0,"0,1431",0,0,0,0,0,0,0,0,0,0,0,0,0,0,0,0,Passed,0,0,0,0,0,0
147,01-01-2006 12:02,051225,365,AMD_01,365,GeoChem,DualMining,"60,0",No Match,"0,0",0,"0,0",0,"0,0",0,0,"3,5489","22,3286","0,2639","1,9604","0,0331","1,4551","17,6654","0,1257",0,0,"0,1164","2,0303",0,0,"0,0125","0,0171","0,0275",0,"0,0413","0,0380","0,0070","0,0090",0,0,0,0,0,"0,0184",0,0,0,0,0,"0,3104",0,0,0,0,0,0,0,0,0,0,"0,0093",0,0,0,0,0,Passed,0,0,0,0,0,0
148,01-01-2006 12:05,051225,366,AMD_01,366,GeoChem,DualMining,"60,0",Bi,"0,0",0,"0,0",0,"0,0",0,0,"4,5728","19,3538","0,3094","2,7352",0,"1,1968","17,5920",0,0,0,"0,0952","2,5585",0,"0,0046","0,0133","0,0201","0,0403",0,"0,0394","0,0585","0,0075","0,0111","0,0028",0,0,"0,0210",0,"0,0332",0,0,"0,0247",0,0,"0,6039",0,0,0,0,0,0,0,0,0,0,0,0,"0,0070",0,0,0,Passed,0,0,0,0,0,0
149,01-01-2006 12:09,051225,367,AMD_01,367,GeoChem,DualMining,"62,0",No Match,"0,0",0,"0,0",0,"0,0",0,0,"7,3341","34,6211","0,1874","1,4340","0,0749","2,3020","14,2328","0,1725",0,0,"0,1160","2,1783",0,0,"0,0112","0,0139","0,0194",0,"0,0372","0,0299","0,0049","0,0105",0,0,0,0,0,"0,0097",0,0,0,0,0,"0,2897",0,0,0,0,0,0,0,0,0,0,0,0,"0,0033",0,0,0,Passed,0,0,0,0,0,0
150,01-01-2006 12:12,051225,368,AMD_01,368,GeoChem,DualMining,"60,0",No Match,"0,0",0,"0,0",0,"0,0",0,0,"7,5976","34,9385","0,2526","1,3777","0,0608","2,1296","12,6387","0,0747",0,0,"0,0982","2,2148",0,"0,0033","0,0110","0,0161","0,0218",0,"0,0426","0,0371","0,0073","0,0140",0,"0,0029",0,"0,0205",0,"0,0319",0,0,0,0,0,"0,4102",0,0,0,0,0,0,0,0,0,0,"0,0147",0,0,0,0,0,Passed,0,0,0,0,0,0
151,01-01-2006 12:16,051225,369,AMD_01,369,GeoChem,DualMining,"61,0",No Match,"0,0",0,"0,0",0,"0,0",0,0,"6,5678","29,2030","0,1329","1,5377","0,0613","1,9849","12,3804","0,1313",0,0,"0,1151","2,4523",0,0,"0,0105","0,0168","0,0247",0,"0,0406","0,0356","0,0060","0,0109",0,0,0,0,0,"0,0143",0,0,0,0,0,"0,3352",0,0,0,0,0,0,0,0,0,0,0,0,"0,0028",0,0,0,Passed,0,0,0,0,0,0
152,01-01-2006 12:33,051225,370,AMD_01,370,GeoChem,DualMining,"60,0",No Match,"0,0",0,"0,0",0,"0,0",0,0,"2,5696","21,1792","1,7345",0,"26,4272","1,4173","0,2260","0,0339","0,0057",0,"0,0385","1,2231",0,0,"0,0110","0,0037","0,0108",0,"0,0462","0,0101","0,0061","0,0129",0,"0,0042",0,0,0,0,0,0,0,0,0,"0,2360",0,"0,0743",0,0,0,0,0,0,0,0,0,0,0,0,0,0,Passed,0,0,0,0,0,0
153,01-01-2006 12:37,051225,371,AMD_01,371,GeoChem,DualMining,"60,0",No Match,"0,0",0,"0,0",0,"0,0",0,0,"0,5298","7,5654","2,1898",0,"36,5809","0,5004",0,"0,5104","0,0180",0,"0,1401","6,2595",0,0,"0,0301","0,0578","0,0412",0,"0,0667","0,0398","0,0149","0,0437","0,0053",0,0,0,0,0,0,0,"0,0308",0,0,"0,1131",0,"0,1801",0,0,0,0,0,0,0,0,0,0,"0,0083",0,0,0,Passed,0,0,0,0,0,0
154,01-01-2006 12:41,051225,372,AMD_01,372,GeoChem,DualMining,"60,0",No Match,"0,0",0,"0,0",0,"0,0",0,0,"0,6061","7,8956","2,2955",0,"37,5220","0,5174",0,"0,5136","0,0196",0,"0,1493","6,3994","0,0101","0,0033","0,0299","0,0597","0,0430",0,"0,0668","0,0418","0,0132","0,0448","0,0048",0,0,0,0,0,0,0,"0,0415",0,0,"0,1273",0,"0,2041",0,0,0,0,0,0,0,0,0,0,"0,0099",0,0,0,Passed,0,0,0,0,0,0
155,01-01-2006 12:45,051225,373,AMD_01,373,GeoChem,DualMining,"61,0",No Match,"0,0",0,"0,0",0,"0,0",0,0,0,0,"2,6216","1,9120","43,7611","0,1037","2,2882",0,0,0,"0,0201","0,9003",0,"0,0030","0,0091","0,0140","0,0208",0,"0,0330","0,0528","0,0036",0,0,0,0,0,0,"0,0218",0,0,"0,0356",0,0,"0,1965",0,"0,2277",0,0,0,0,0,0,0,0,0,0,0,0,0,0,Passed,0,0,0,0,0,0
156,01-01-2006 12:48,051225,374,AMD_01,374,GeoChem,DualMining,"60,0",No Match,"0,0",0,"0,0",0,"0,0",0,0,0,0,"2,8346",0,"48,8104","0,0306",0,"0,0143",0,0,"0,0178","0,7713",0,"0,0030","0,0114","0,0884","0,0914",0,"0,1465","0,0130","0,0043","0,0133",0,0,0,0,0,"0,0782",0,0,0,0,0,0,0,"0,2984",0,0,0,0,0,0,0,0,"0,0259",0,0,0,0,0,Passed,0,0,0,0,0,0
157,01-01-2006 12:56,051225,375,AMD_01,375,GeoChem,DualMining,"60,0",No Match,"0,0",0,"0,0",0,"0,0",0,0,0,0,"3,0388","0,0910","50,2105","0,0124",0,0,0,0,"0,0340","0,6585",0,0,"0,0076","0,0265","0,0235",0,"0,0467","0,0500","0,0045","0,0040",0,0,0,0,0,"0,0259",0,0,"0,0337",0,0,"0,3388",0,"0,3439",0,0,0,0,0,0,0,0,0,0,0,0,0,0,Passed,0,0,0,0,0,0
158,01-01-2006 12:58,051225,376,AMD_01,376,GeoChem,DualMining,"60,0",No Match,"0,0",0,"0,0",0,"0,0",0,0,0,"4,6373","2,2381","0,7680","36,2591","0,4696","3,7198","0,0440",0,0,"0,0698","1,6206",0,"0,0035","0,0109","0,0210","0,0297",0,"0,0502","0,0477","0,0061","0,0062",0,0,0,0,0,0,0,0,"0,0348",0,0,"0,3802",0,"0,1549",0,0,0,0,0,0,0,0,0,0,0,0,0,0,Passed,0,0,0,0,0,0
159,01-01-2006 13:00,051225,377,AMD_01,377,GeoChem,DualMining,"60,0",No Match,"0,0",0,"0,0",0,"0,0",0,0,0,"4,5859","2,2352","0,7907","36,6109","0,4707","3,7070","0,0457",0,0,"0,0610","1,6932",0,0,"0,0090","0,0235","0,0301",0,"0,0508","0,0471","0,0043","0,0073",0,"0,0048",0,0,0,"0,0224",0,0,0,0,0,"0,3719",0,"0,1461",0,0,0,0,0,0,0,0,0,0,0,0,0,0,Passed,0,0,0,0,0,0
160,01-01-2006 13:04,051225,378,AMD_01,378,GeoChem,DualMining,"60,0",Inco 904,"0,0",20Cb3,"0,0",Inco907/909,"0,0",0,"4,7068",0,"0,2592","0,2251","12,5308",0,"0,0649","14,6273",0,0,0,"0,9055","24,3321","0,0162","0,0115","0,1813","0,0489","15,2453","0,0263",0,"0,0035",0,0,0,"0,0047",0,0,0,"0,0204",0,0,0,"0,7546",0,0,0,0,"0,0118",0,"0,0359",0,0,0,0,"0,0034","0,0419",0,"0,0157",0,0,0,Passed,0,0,0,0,0,0
161,01-01-2006 13:07,051225,379,AMD_01,379,GeoChem,DualMining,"60,0",No Match,"0,0",0,"0,0",0,"0,0",0,"13,8174","3,4334","30,0272",0,"0,0919",0,"0,6576","0,5511","0,3690","0,0054",0,"0,0190","0,4464",0,0,"0,0058","0,0136","31,5571","0,0421","0,0047","0,0051",0,"0,0020",0,0,0,0,0,"0,0287",0,0,0,"0,1942",0,0,0,0,"0,0259",0,"0,0790",0,0,0,0,"0,0063",0,0,0,0,0,0,Passed,0,0,0,0,0,0
162,01-01-2006 12:40,051225,380,AMD_01,380,GeoChem,DualMining,"60,0",No Match,"0,0",0,"0,0",0,"0,0",0,0,"2,7779","13,0886","1,6451",0,"25,5722","1,3685","4,0336","0,1327",0,0,"0,0364","2,0652",0,"0,0026","0,0217","0,1260","0,0287",0,"0,2281","0,0147","0,0055","0,0250","0,0054",0,0,0,0,"0,0731",0,0,"0,0372",0,0,0,0,"0,0379",0,0,0,0,0,0,0,0,"0,0839",0,0,0,0,0,Passed,0,0,0,0,0,0
163,01-01-2006 12:45,051225,381,AMD_01,381,GeoChem,DualMining,"60,0",No Match,"0,0",0,"0,0",0,"0,0",0,0,"2,7796","15,8536","1,6972",0,"25,0472","1,1102","3,7294","0,6311","0,0165",0,"0,2470","5,6267",0,0,"0,0065","0,0986","0,0250",0,"0,0585","0,0210","0,0133","0,0306",0,0,0,0,0,0,0,0,0,0,0,"0,1559",0,"0,0699",0,0,0,0,0,0,0,0,0,0,"0,0063",0,0,0,Passed,0,0,0,0,0,0
164,01-01-2006 12:49,051225,382,AMD_01,382,GeoChem,DualMining,"60,0",No Match,"0,0",0,"0,0",0,"0,0",0,0,"3,0206","15,6064","1,7159","0,0603","24,6589","1,0886","3,7476","0,6027","0,0168",0,"0,2467","5,4076",0,0,"0,0046","0,0946","0,0235",0,"0,0555","0,0216","0,0146","0,0290","0,0065","0,0066",0,0,0,0,0,0,0,0,0,"0,1761",0,"0,0732",0,0,0,0,0,0,0,0,0,0,"0,0064",0,0,0,Passed,0,0,0,0,0,0
165,01-01-2006 12:52,051225,383,AMD_01,383,GeoChem,DualMining,"60,0",No Match,"0,0",0,"0,0",0,"0,0",0,0,0,"5,5887","2,1703",0,"34,6960","0,4547","5,4696","0,0440",0,0,"0,0552","1,3931",0,"0,0037","0,0123","0,0949","0,0138",0,"0,1039","0,0281","0,0065","0,0093",0,0,0,0,0,"0,1133",0,0,0,0,0,"0,1210",0,"0,1318",0,0,0,0,0,0,0,0,"0,1234",0,0,0,0,0,Passed,0,0,0,0,0,0
166,01-01-2006 12:55,051225,384,AMD_01,384,GeoChem,DualMining,"60,0",No Match,"0,0",0,"0,0",0,"0,0",0,0,0,"3,5241","2,1957",0,"35,5278","0,4855","7,7196","0,0686",0,0,"0,0309","1,0971",0,"0,0026","0,0120","0,0953","0,0095",0,"0,1449","0,0102","0,0051","0,0129",0,0,0,0,0,"0,0671",0,0,0,0,0,0,0,"0,1200",0,0,0,0,0,0,0,0,"0,0325",0,0,0,0,0,Passed,0,0,0,0,0,0
167,01-01-2006 12:58,051225,385,AMD_01,385,GeoChem,DualMining,"60,0",No Match,"0,0",0,"0,0",0,"0,0",0,0,"1,1455","9,8194","1,7994","3,5865","25,1408","0,9541","9,3272","0,0543","0,0061",0,"0,0476","1,2260",0,"0,0026","0,0113","0,0080","0,0469",0,"0,0390","0,0330","0,0036","0,0048",0,0,0,0,0,0,0,0,0,0,0,"0,2377",0,"0,0346",0,0,0,0,0,0,0,0,0,0,0,0,0,0,Passed,0,0,0,0,0,0
168,01-01-2006 13:02,051225,386,AMD_01,386,GeoChem,DualMining,"60,0",No Match,"0,0",0,"0,0",0,"0,0",0,0,"1,5093","13,8836","1,7037","1,6436","25,6699","1,1130","5,8713","0,0849",0,0,"0,0770","1,2106",0,0,"0,0099","0,0087","0,0315",0,"0,0440","0,0276","0,0063","0,0083",0,0,0,0,0,0,0,0,0,0,0,"0,3000",0,"0,0587",0,0,0,0,0,0,0,0,0,0,0,0,0,0,Passed,0,0,0,0,0,0
169,01-01-2006 13:05,051225,387,AMD_01,387,GeoChem,DualMining,"60,0",No Match,"0,0",0,"0,0",0,"0,0",0,0,"2,1282","15,9670","1,7211","1,5914","25,0781","1,0697","5,2035","0,0795","0,0089",0,"0,0535","1,6346",0,"0,0030","0,0056","0,0108","0,0338",0,"0,0365","0,0303","0,0040","0,0104",0,"0,0048",0,0,0,0,0,0,0,0,0,"0,3747",0,"0,0545",0,0,0,0,0,0,0,0,0,0,0,0,0,0,Passed,0,0,0,0,0,0
170,01-01-2006 13:09,051225,388,AMD_01,388,GeoChem,DualMining,"60,0",No Match,"0,0",0,"0,0",0,"0,0",0,0,"2,4382","18,2508","1,6482","0,5440","24,4526","1,3374","3,9584","0,1008","0,0082",0,"0,0696","1,6685",0,"0,0024","0,0062","0,0130","0,0238",0,"0,0465","0,0269","0,0059","0,0101",0,0,0,0,0,0,0,0,"0,0348",0,0,"0,2798",0,"0,0446",0,0,0,0,0,0,0,0,0,0,0,0,0,0,Passed,0,0,0,0,0,0
171,01-01-2006 13:12,051225,389,AMD_01,389,GeoChem,DualMining,"60,0",No Match,"0,0",0,"0,0",0,"0,0",0,0,"0,3232","7,0891","2,2608","0,2936","35,6672","0,6006","1,1941","0,0267",0,0,"0,0564","1,4648",0,"0,0029","0,0092","0,0167","0,0243",0,"0,0522","0,0262","0,0059","0,0130",0,0,0,0,0,0,0,0,0,0,0,"0,3140",0,"0,1617",0,0,0,0,0,0,0,0,0,0,0,0,0,0,Passed,0,0,0,0,0,0
172,01-01-2006 13:15,051225,390,AMD_01,390,GeoChem,DualMining,"196,0",0,"0,0",0,"0,0",0,"0,0",0,"0,4591",0,"7,4225","0,0186","0,0456",0,"0,0572","0,0392","0,0498","0,0114","0,0042","0,0183","0,7186","0,0188","0,0567","46,3229",0,0,"0,0117",0,0,0,"0,0059",0,0,0,0,0,0,0,0,0,0,0,0,0,0,0,0,0,0,0,0,0,0,0,0,0,0,0,0,Passed,0,0,0,0,0,0
173,01-01-2006 13:21,051225,391,AMD_01,391,GeoChem,DualMining,"128,0",0,"0,0",0,"0,0",0,"0,0",0,"4,2750",0,"80,2568",0,"1,0690","0,0328","0,2343",0,"0,0136","0,0016",0,0,"0,7315",0,0,"0,2202","0,0351","0,2251","0,0047",0,"0,0011","0,0006",0,0,"0,0021",0,0,0,"0,0000",0,0,"0,7511","0,0844",0,0,0,0,0,0,0,0,0,0,0,"0,0029",0,0,"0,1519",0,0,0,Passed,0,0,0,0,0,0
174,01-01-2006 12:04,051225,392,AMD_01,392,GeoChem,DualMining,"131,0",0,"0,0",0,"0,0",0,"0,0",0,"2,4884","1,7904","70,2753",0,"0,5955",0,"0,0628","0,3890",0,"0,0066",0,0,"6,1638",0,0,"0,0337",0,"0,0513",0,0,"0,0020","0,0008",0,0,"0,0029",0,0,0,"0,0000",0,0,0,0,0,0,0,0,0,0,0,0,0,0,0,0,0,0,"0,0068",0,0,0,Passed,0,0,0,0,0,0
175,01-01-2006 12:09,051225,393,AMD_01,393,GeoChem,DualMining,"100,0",0,"0,0",0,"0,0",0,"0,0",0,"1,7233","3,1418","66,6208",0,"0,7304",0,"0,1567","1,9226","0,0278","0,0099",0,"0,1747","1,9902",0,0,"0,0280",0,"0,0052",0,"0,0020","0,0295","0,0067",0,0,0,0,0,0,0,0,0,0,"0,0142",0,0,0,0,0,0,0,0,0,0,0,0,0,0,"0,0028",0,0,0,Passed,0,0,0,0,0,0
176,01-01-2006 12:13,051225,394,AMD_01,394,GeoChem,DualMining,"204,0",0,"0,0",0,"0,0",0,"0,0",0,"3,7999","2,5062","69,2474","0,0275","0,1247","0,0166","0,0505","0,1183","0,0324","0,0053",0,"1,0036","6,3083",0,0,"0,0099","0,0586",0,0,0,"0,0018","0,0012",0,0,0,0,0,0,"0,0000",0,0,0,"0,0104",0,0,0,0,0,0,0,0,0,0,0,0,0,0,0,0,0,0,Passed,0,0,0,0,0,0
177,01-01-2006 12:21,051225,395,AMD_01,395,GeoChem,DualMining,"60,0",0,"0,0",0,"0,0",0,"0,0",0,0,0,"21,8817","0,1283","18,5522",0,"0,0410","7,1160",0,0,0,"0,0147","15,2108","0,3712","1,0419","0,0603",0,"7,1935","0,0101",0,"0,0021",0,0,0,"0,0610",0,0,0,"2,9025",0,0,"0,4003","2,9285",0,0,0,0,0,0,"0,0347",0,0,0,0,0,"0,0774",0,"0,0650",0,0,0,Passed,0,0,0,0,0,0
178,01-01-2006 12:29,051225,396,AMD_01,396,GeoChem,DualMining,"60,0",0,"0,0",0,"0,0",0,"0,0",0,"2,0609","9,6284","40,4513","0,0602","0,2473","0,2550","5,0005","6,9601","0,2351","0,0085",0,"0,2229","1,6035",0,"0,0098","0,0262","0,0403","0,0076",0,"0,0674","0,0189",0,"0,0051",0,0,0,0,0,"5,4126",0,0,"1,2263",0,0,"0,1150",0,0,0,0,0,0,0,0,0,0,0,0,"0,0106",0,0,0,Passed,0,0,0,0,0,0
179,01-01-2006 12:33,051225,397,AMD_01,397,GeoChem,DualMining,"60,0",0,"0,0",0,"0,0",0,"0,0",0,"2,6407",0,"6,9289","0,2388","1,9924","0,5928","0,1569","6,5401","0,0815",0,0,"0,1712","0,1449",0,"0,0150","6,2593","0,1376","6,6372","0,0199","0,0083","0,0048","0,0427","0,0032",0,"0,0165",0,0,0,"9,5177","0,0097",0,"1,4457","5,1594",0,0,0,0,0,0,0,0,0,0,0,0,0,0,"6,1704",0,0,0,Passed,0,0,0,0,0,0
180,01-01-2006 12:18,24-12-25,1,AMD_01,398,GeoChem,DualSoil,"60,0",0,"0,0",0,"0,0",0,"0,0",0,0,"2,3329","13,1668","1,3202","0,4959","30,0994","0,4176","10,2301",0,0,0,0,0,"0,0256",0,"0,1420","0,7190","0,0872",0,"0,0045","0,0265",0,"0,0069",0,0,0,0,0,"0,0111","0,0043",0,0,0,0,"0,0363",0,0,0,0,"0,0054",0,0,0,"0,0060",0,0,0,"0,3414",0,0,0,Passed,"0,1478","0,1475","2,2288",0,0,0
181,01-01-2006 12:26,24-12-25,2,AMD_01,399,GeoChem,DualSoil,"60,0",0,"0,0",0,"0,0",0,"0,0",0,0,"3,4041","20,0527","1,3619",0,"32,2918","1,0153","0,9868",0,0,0,0,0,"0,0213",0,"0,0261","0,0060","0,0019",0,"0,0076","0,0444","0,0015","0,0174",0,"0,3220",0,0,0,0,0,0,0,0,0,"0,0456",0,"0,1379",0,0,0,0,0,0,0,0,0,0,0,0,0,0,Passed,"0,2058","0,0181","1,5959",0,0,0
182,01-01-2006 12:34,24-12-25,3,AMD_01,400,GeoChem,DualSoil,"60,0",0,"0,0",0,"0,0",0,"0,0",0,0,"3,3110","18,7260","1,1955",0,"29,1225","0,9753","1,5520",0,0,0,0,0,"0,0463","0,0023","0,0056","0,0193","0,0036",0,"0,0094","0,0285","0,0026","0,0166",0,"0,0019",0,0,0,0,0,0,"0,0296",0,0,"0,0415",0,"0,1352",0,0,0,0,0,0,0,0,0,0,"0,0043",0,0,0,Passed,"0,3474","0,0586","3,2251",0,0,0
183,01-01-2006 12:40,24-12-25,4,AMD_01,401,GeoChem,DualSoil,"60,0",0,"0,0",0,"0,0",0,"0,0",0,0,"0,3249","3,4241","2,1376",0,"55,2319","0,1954",0,0,0,"0,0062",0,0,"0,0445",0,"0,0069","0,0051","0,0013",0,"0,0113","0,0337","0,0014","0,0133",0,"0,0043",0,0,0,0,0,0,"0,0560",0,0,"0,0534",0,"0,3521",0,0,0,0,0,0,0,0,0,0,0,0,0,0,Passed,"0,0737","0,0133","1,1106",0,0,0
184,01-01-2006 12:43,24-12-25,5,AMD_01,402,GeoChem,DualSoil,"60,0",0,"0,0",0,"0,0",0,"0,0",0,0,"0,5193","2,1818","2,1845",0,"57,3270","0,0891",0,0,0,"0,0074",0,0,"0,0937",0,"0,0120","0,0105","0,0018",0,"0,0097","0,0166","0,0018","0,0166",0,"0,0055",0,0,0,0,0,0,"0,0446",0,0,"0,0197",0,"0,4052",0,0,0,0,0,0,0,0,0,0,"0,0039",0,0,0,Passed,"0,1423","0,0166","2,2421",0,0,0
185,01-01-2006 12:47,24-12-25,6,AMD_01,403,GeoChem,DualSoil,"60,0",0,"0,0",0,"0,0",0,"0,0",0,0,"3,1753","18,3830","1,4033","0,0555","33,0425","1,0331","1,0377",0,0,"0,0045",0,0,"0,0334",0,"0,0226","0,0037","0,0008",0,"0,0129","0,0381","0,0014","0,0180",0,"0,0030",0,0,0,0,0,0,"0,0276",0,0,"0,0563",0,"0,1300",0,0,0,0,0,0,0,0,0,0,0,0,0,0,Passed,"0,2924","0,0141","2,1974",0,0,0
186,01-01-2006 12:52,24-12-25,7,AMD_01,404,GeoChem,DualSoil,"60,0",0,"0,0",0,"0,0",0,"0,0",0,0,"1,0397","6,7595","1,8851",0,"47,8753","0,2164","0,6728",0,0,"0,0063",0,0,"0,0795","0,0020","0,0116","0,0095",0,0,"0,0069","0,0397","0,0018","0,0133",0,"0,0018",0,0,0,0,0,0,"0,0754",0,0,"0,0369",0,"0,2667",0,0,0,0,0,0,0,0,0,0,0,0,0,0,Passed,"0,2917","0,0348","2,4294",0,0,0
187,01-01-2006 12:56,24-12-25,8,AMD_01,405,GeoChem,DualSoil,"60,0",0,"0,0",0,"0,0",0,"0,0",0,0,"0,4299","0,4394","2,4466",0,"62,4470",0,0,0,0,"0,0083",0,0,"0,0751",0,"0,0135","0,0207","0,0010",0,"0,0097","0,0206","0,0026","0,0124",0,"0,0014",0,0,0,0,0,0,0,0,0,"0,0255",0,"0,4565",0,0,0,0,0,0,0,0,0,0,"0,0331",0,0,0,Passed,"0,0750","0,0536","1,4897",0,0,0
188,01-01-2006 12:04,25-12-25,0,AMD_01,406,GeoChem,DualSoil,"60,0",0,"0,0",0,"0,0",0,"0,0",0,0,"0,4590",0,"2,5724",0,"66,5600",0,0,0,0,"0,0082",0,0,"0,0733",0,"0,0153","0,0267","0,0060",0,"0,0115","0,0269","0,0013","0,0152",0,"0,0066",0,0,0,0,0,0,"0,0346","0,0235",0,"0,0392",0,"0,5116",0,0,0,0,0,0,0,0,0,0,"0,0069",0,0,0,Passed,"0,0289","0,0225","1,2990",0,0,0
189,01-01-2006 12:07,25-12-25,1,AMD_01,407,GeoChem,DualSoil,"60,0",0,"0,0",0,"0,0",0,"0,0",0,0,0,0,"2,5323",0,"66,7673",0,0,0,0,"0,0080",0,0,"0,0736",0,"0,0156","0,0269","0,0061",0,"0,0118","0,0273","0,0013","0,0157",0,"0,0059",0,0,0,0,0,0,"0,0413","0,0225",0,"0,0301",0,"0,5445",0,0,0,0,0,0,0,0,0,0,"0,0036",0,0,0,Passed,"0,0283","0,0233","1,3131",0,0,0
190,01-01-2006 12:14,25-12-25,2,AMD_01,408,GeoChem,DualSoil,"60,0",0,"0,0",0,"0,0",0,"0,0",0,0,"1,1974","7,8074","1,7623","0,2526","46,3217","0,4825","0,3446",0,0,0,0,0,"0,0901",0,"0,0099","0,0228","0,0013",0,"0,0125","0,0209","0,0030","0,0181","0,0015","0,0029",0,0,0,0,0,0,0,0,0,"0,0345",0,"0,2698",0,0,0,0,0,0,0,0,0,0,0,0,0,0,Passed,"0,2881","0,0173","2,7905",0,0,0
191,01-01-2006 12:28,25-12-25,3,AMD_01,409,GeoChem,DualSoil,"60,0",0,"0,0",0,"0,0",0,"0,0",0,0,0,"0,7353","2,2575",0,"60,5629",0,0,0,0,"0,0069",0,0,"0,0953",0,"0,0021","0,0143","0,0019",0,"0,0121","0,0109","0,0031","0,0184",0,0,0,0,0,0,0,0,0,0,0,"0,0324",0,"0,4342",0,0,0,0,0,0,0,0,0,0,"0,0027",0,0,0,Passed,"0,1046","0,0203","2,0409",0,0,0
192,01-01-2006 12:31,25-12-25,4,AMD_01,410,GeoChem,DualSoil,"60,0",0,"0,0",0,"0,0",0,"0,0",0,0,"3,3775","17,1524","1,3066",0,"33,3866","1,0756","0,0250",0,0,"0,0054",0,0,"0,0558",0,"0,0037","0,0068","0,0021",0,"0,0151","0,0076","0,0039","0,0193","0,0021","0,0011",0,0,0,0,0,0,"0,0361",0,0,"0,0264",0,"0,1624",0,0,0,0,0,0,0,0,0,0,0,"0,0027",0,0,Passed,"0,4104","0,0349","2,9311",0,0,0
193,01-01-2006 12:37,25-12-25,5,AMD_01,411,GeoChem,DualSoil,"60,0",0,"0,0",0,"0,0",0,"0,0",0,0,"0,3682","1,1350","2,3520",0,"61,1758",0,"0,1825",0,0,"0,0054",0,0,"0,0689",0,"0,0057","0,0188","0,0007",0,"0,0100","0,0336","0,0024","0,0187",0,0,0,0,0,0,0,0,0,0,0,"0,0469",0,"0,4451",0,0,0,0,0,0,0,0,0,0,"0,0038",0,0,0,Passed,"0,0815","0,0337","1,5284",0,0,0
194,01-01-2006 12:42,25-12-25,6,AMD_01,412,GeoChem,DualSoil,"60,0",0,"0,0",0,"0,0",0,"0,0",0,0,0,"1,2099","2,3916",0,"60,9704",0,"0,1704",0,0,"0,0067",0,0,"0,0676",0,"0,0036","0,0159","0,0006",0,"0,0102","0,0329","0,0022","0,0180",0,0,0,0,0,0,0,0,"0,0413",0,0,"0,0469",0,"0,4302",0,0,0,0,0,0,0,0,0,0,"0,0027",0,0,0,Passed,"0,0829","0,0360","1,4638",0,0,0
195,01-01-2006 12:46,25-12-25,7,AMD_01,413,GeoChem,DualSoil,"61,0",0,"0,0",0,"0,0",0,"0,0",0,0,"2,7956","18,9039","1,3406","0,1916","32,3849","0,9889","1,7970",0,0,"0,0066",0,0,"0,0394",0,"0,0066","0,0070","0,0017",0,"0,0095","0,0350","0,0020","0,0180",0,0,0,0,0,0,0,0,"0,0446",0,0,"0,1087",0,0,0,0,0,0,0,0,0,0,0,0,"0,0038",0,0,0,Passed,"0,2639","0,0591","2,2296",0,0,0
196,01-01-2006 12:48,25-12-25,8,AMD_01,414,GeoChem,DualSoil,"60,0",0,"0,0",0,"0,0",0,"0,0",0,0,"2,7281","19,6699","1,3224","0,1831","32,7944","0,9802","1,8462",0,0,"0,0076",0,0,"0,0348",0,"0,0061","0,0077","0,0018",0,"0,0092","0,0348","0,0022","0,0170",0,0,0,0,0,0,0,0,"0,0258",0,0,"0,1039",0,"0,1077",0,0,0,0,0,0,0,0,0,0,"0,0043",0,0,0,Passed,"0,2580","0,0560","2,2803",0,0,0
197,01-01-2006 12:01,25-12-25,9,AMD_01,415,GeoChem,DualSoil,"60,0",0,"0,0",0,"0,0",0,"0,0",0,0,"1,0705","8,5025","1,8077",0,"48,4376","0,5166","0,2453",0,0,"0,0090",0,0,"0,0413",0,"0,0041","0,0065","0,0012",0,"0,0122","0,0360","0,0030","0,0267","0,0012",0,0,0,0,0,0,0,"0,0445",0,0,"0,0812",0,"0,2619",0,0,0,0,0,0,0,0,0,0,"0,0048",0,0,0,Passed,"0,1573","0,0347","1,3167",0,0,0
198,01-01-2006 12:04,25-12-25,10,AMD_01,416,GeoChem,DualSoil,"60,0",0,"0,0",0,"0,0",0,"0,0",0,0,"2,5000","17,8287","1,3469",0,"33,3755","1,4160","1,1257",0,0,0,0,0,"0,0375",0,"0,0147","0,0396","0,0012",0,"0,0191","0,0245","0,0035","0,0236",0,0,0,0,0,0,0,0,"0,0387",0,0,"0,0814",0,"0,1029",0,0,0,0,0,0,0,0,0,0,"0,0184",0,0,0,Passed,"0,2625","0,1591","2,2437",0,0,0
199,01-01-2006 12:07,25-12-25,11,AMD_01,417,GeoChem,DualSoil,"60,0",0,"0,0",0,"0,0",0,"0,0",0,0,"1,5411","7,3125","1,7725",0,"46,7023","0,2704","1,4577",0,0,"0,0041",0,0,"0,0727",0,"0,0042","0,0065","0,0012",0,"0,0046","0,0394","0,0016","0,0157",0,0,0,0,0,0,0,0,0,0,0,"0,0289",0,"0,2847",0,0,0,0,0,0,0,0,0,0,"0,0027",0,0,0,Passed,"0,2555","0,0498","2,4010",0,0,0
200,01-01-2006 12:11,25-12-25,12,AMD_01,418,GeoChem,DualSoil,"60,0",0,"0,0",0,"0,0",0,"0,0",0,0,"0,5056","0,2196","2,5788",0,"72,3711",0,0,0,0,"0,0097",0,0,"0,2491",0,"0,7689","1,7364",0,0,"0,0019","0,0056",0,"0,0040",0,"0,0176",0,0,0,"0,0033","0,0073",0,0,0,0,0,0,"0,5155",0,0,0,0,0,0,"0,0139","0,0272",0,0,"2,8011",0,0,0,Passed,0,"0,0969","4,3190",0,0,0
201,01-01-2006 12:02,25-12-25,13,AMD_01,419,GeoChem,DualSoil,"60,0",0,"0,0",0,"0,0",0,"0,0",0,0,"0,5235","5,8872","2,0213",0,"52,8754","0,3239","0,0218",0,0,"0,0082",0,0,"0,0338",0,"0,0128","0,0065","0,0015",0,"0,0119","0,0275","0,0032","0,0178","0,0015","0,0024",0,0,0,0,0,0,0,0,0,"0,0821",0,"0,2854",0,0,0,0,0,0,0,0,0,0,"0,0038",0,0,0,Passed,"0,1156","0,0266","1,0540",0,0,0
202,01-01-2006 12:06,25-12-25,14,AMD_01,420,GeoChem,DualSoil,"60,0",0,"0,0",0,"0,0",0,"0,0",0,0,"1,0451","11,0319","1,7508",0,"45,1277","0,4575","1,0089",0,0,"0,0070",0,0,"0,0385",0,"0,0087","0,0081","0,0012",0,"0,0092","0,0337","0,0028","0,0157","0,0012","0,0018",0,0,0,0,0,0,"0,0546",0,0,"0,0634",0,"0,2376",0,0,0,0,0,0,0,0,0,0,"0,0046",0,0,0,Passed,"0,1394","0,0350","1,4543",0,0,0
203,01-01-2006 12:11,25-12-25,15,AMD_01,421,GeoChem,DualSoil,"60,0",0,"0,0",0,"0,0",0,"0,0",0,0,"0,8642","11,7694","1,8477",0,"47,5346","0,4716","0,2419",0,0,"0,0058",0,0,"0,0230",0,"0,0102","0,0054","0,0014",0,"0,0104","0,0441","0,0025","0,0189",0,"0,0015",0,0,0,0,0,0,0,0,0,"0,0868",0,"0,2430",0,0,0,0,0,0,0,0,0,0,"0,0040",0,0,0,Passed,"0,1524","0,0198","0,8872",0,0,0
204,01-01-2006 12:15,25-12-25,16,AMD_01,422,GeoChem,DualSoil,"60,0",0,"0,0",0,"0,0",0,"0,0",0,0,"0,3410","0,3187","2,4232",0,"65,5052",0,0,0,0,"0,0078",0,0,"0,0660",0,"0,0081","0,0104","0,0014",0,"0,0064","0,0365","0,0020","0,0167",0,0,0,0,0,0,0,0,0,0,0,"0,0513",0,"0,4630",0,0,0,0,0,0,0,0,0,0,"0,0034",0,0,0,Passed,"0,0627","0,0236","1,2561",0,0,0
205,01-01-2006 12:19,25-12-25,17,AMD_01,423,GeoChem,DualSoil,"60,0",0,"0,0",0,"0,0",0,"0,0",0,0,"2,4203","16,8329","1,2690","1,9584","32,8354","0,5956","2,4544",0,0,"0,0042",0,0,"0,0401","0,0023","0,0208","0,0061","0,0034",0,"0,0058","0,0797","0,0014","0,0194",0,0,0,0,0,0,0,0,"0,0399",0,0,"0,0532",0,"0,1246",0,0,0,0,0,0,0,0,0,0,"0,0034",0,0,0,Passed,"0,2763","0,0537","2,8974",0,0,0
206,01-01-2006 12:22,25-12-25,18,AMD_01,424,GeoChem,DualSoil,"60,0",0,"0,0",0,"0,0",0,"0,0",0,0,"0,3404","0,6232","2,4474",0,"64,3758",0,0,0,0,"0,0083",0,0,"0,0711",0,"0,0083","0,0108","0,0006",0,"0,0085","0,0276","0,0034","0,0202",0,0,0,0,0,0,0,0,0,0,0,"0,0386",0,"0,4958",0,0,0,0,0,0,0,0,0,0,"0,0026",0,0,0,Passed,"0,0691","0,0277","1,3134",0,0,0
207,01-01-2006 12:28,25-12-25,19,AMD_01,425,GeoChem,0,"1,0",NO RESULTS,"100,0",0,"0,0",0,"0,0",0,0,0,0,0,0,0,0,0,0,0,0,0,0,0,0,0,0,0,0,0,0,0,0,0,0,0,0,0,0,0,0,0,0,0,0,0,0,0,0,0,0,0,0,0,0,0,0,0,0,0,0,Passed,0,0,0,0,0,0
208,01-01-2006 12:36,25-12-25,20,AMD_01,426,GeoChem,0,"1,0",NO RESULTS,"100,0",0,"0,0",0,"0,0",0,0,0,0,0,0,0,0,0,0,0,0,0,0,0,0,0,0,0,0,0,0,0,0,0,0,0,0,0,0,0,0,0,0,0,0,0,0,0,0,0,0,0,0,0,0,0,0,0,0,0,0,Passed,0,0,0,0,0,0
209,01-01-2006 12:02,25-12-25,21,AMD_01,427,GeoChem,DualSoil,"60,0",0,"0,0",0,"0,0",0,"0,0",0,0,"0,4697","0,2203","2,5555",0,"66,0240",0,0,0,0,"0,0097",0,0,"0,0541",0,"0,0094","0,0116","0,0022",0,"0,0099","0,0249","0,0022","0,0126",0,0,0,0,0,0,0,0,"0,0404",0,0,"0,0410",0,"0,5055",0,0,0,0,0,0,0,0,0,0,0,0,0,0,Passed,"0,0436","0,0181","1,1119",0,0,0
210,01-01-2006 12:04,25-12-25,22,AMD_01,428,GeoChem,DualSoil,"60,0",0,"0,0",0,"0,0",0,"0,0",0,0,"2,6511","18,2817","1,3845",0,"33,2956","0,5973","4,6168",0,0,0,0,0,"0,0479",0,"0,0056","0,0073","0,0043",0,"0,0050","0,0718","0,0023","0,0174",0,0,0,0,0,0,0,0,"0,0305",0,0,"0,0452",0,"0,1428",0,0,0,0,0,0,0,0,0,0,0,0,0,0,Passed,"0,2377","0,0581","2,9046",0,0,0
211,01-01-2006 12:13,25-12-25,23,AMD_01,429,GeoChem,DualSoil,"60,0",0,"0,0",0,"0,0",0,"0,0",0,0,"0,5886","1,9961","2,2980",0,"60,6512","0,0220","0,3533",0,0,"0,0111",0,0,"0,0863",0,"0,0132","0,0110","0,0015",0,"0,0050","0,0752",0,"0,0172","0,0015","0,0017",0,0,0,0,0,0,0,0,0,"0,0485",0,"0,3960",0,0,0,0,0,0,0,0,0,0,0,0,0,0,Passed,"0,1042","0,0358","1,9605",0,0,0
212,01-01-2006 12:18,25-12-25,24,AMD_01,430,GeoChem,DualSoil,"60,0",0,"0,0",0,"0,0",0,"0,0",0,0,0,"0,6768","2,4921",0,"65,6498",0,0,0,0,"0,0099",0,0,"0,0408",0,"0,0082","0,0086","0,0010",0,"0,0083","0,0262","0,0011","0,0131",0,"0,0010",0,0,0,0,0,0,0,0,0,"0,0479",0,"0,5179",0,0,0,0,0,0,0,0,0,0,"0,0025",0,0,0,Passed,"0,0310","0,0183","0,7646",0,0,0
213,01-01-2006 12:23,25-12-25,25,AMD_01,431,GeoChem,DualSoil,"60,0",0,"0,0",0,"0,0",0,"0,0",0,0,"1,0991","9,3108","1,7717",0,"45,8380","0,2834","1,0569",0,0,"0,0041",0,0,"0,0863",0,"0,0493","0,0063","0,0006",0,"0,0057","0,0199","0,0027","0,0147",0,0,0,0,0,0,0,0,"0,0480",0,0,"0,0281",0,"0,2557",0,0,0,0,0,0,0,0,0,0,0,0,0,0,Passed,"0,2355","0,0346","3,0834",0,0,0
214,01-01-2006 12:28,25-12-25,26,AMD_01,432,GeoChem,DualSoil,"60,0",0,"0,0",0,"0,0",0,"0,0",0,0,"0,4307",0,"2,5314",0,"67,0767",0,0,0,0,"0,0079",0,0,"0,0518","0,0021","0,0143","0,0115","0,0024",0,"0,0072","0,0843","0,0022","0,0198",0,0,0,0,0,0,0,0,"0,0413",0,0,"0,0493",0,"0,5189",0,0,0,0,0,0,0,0,0,0,"0,0032",0,0,0,Passed,"0,0365","0,0177","1,0455",0,0,0
215,01-01-2006 12:32,25-12-25,27,AMD_01,433,GeoChem,DualSoil,"60,0",0,"0,0",0,"0,0",0,"0,0",0,0,"0,5247","1,1261","2,4160",0,"62,7875",0,0,0,0,"0,0089",0,0,"0,0742",0,"0,0060","0,0134","0,0011",0,"0,0050","0,0242","0,0024","0,0136","0,0015",0,0,0,0,0,0,0,0,0,0,"0,0330",0,"0,4588",0,0,0,0,0,0,0,0,0,0,0,0,0,0,Passed,"0,0806","0,0333","1,6076",0,0,0
216,01-01-2006 12:36,25-12-25,28,AMD_01,434,GeoChem,DualSoil,"60,0",0,"0,0",0,"0,0",0,"0,0",0,0,"3,4645","20,2828","1,2866",0,"32,4319","0,7278","2,2712",0,0,0,0,0,"0,0328",0,"0,0046","0,0079","0,0013",0,"0,0065","0,0368","0,0018","0,0128",0,0,0,0,0,0,0,0,0,0,0,"0,0313",0,"0,1415",0,0,0,0,0,0,0,0,0,0,0,0,0,0,Passed,"0,2160","0,0501","2,2007",0,0,0
217,01-01-2006 12:41,25-12-25,29,AMD_01,435,GeoChem,DualSoil,"60,0",0,"0,0",0,"0,0",0,"0,0",0,0,"3,4273","19,2438","1,2669",0,"30,9147","0,6545","3,1018",0,0,0,0,0,"0,0387",0,"0,0159","0,0106","0,0046",0,"0,0058","0,0444","0,0019","0,0123",0,0,0,0,0,0,0,0,0,0,0,"0,0324",0,"0,1374",0,0,0,0,0,0,0,0,0,0,"0,0066",0,0,0,Passed,"0,2594","0,0616","2,4994",0,0,0
218,01-01-2006 12:45,25-12-25,30,AMD_01,436,GeoChem,DualSoil,"60,0",0,"0,0",0,"0,0",0,"0,0",0,0,"0,3605","0,9835","2,3987",0,"62,0880",0,"0,7267",0,0,"0,0063",0,0,"0,0752","0,0021","0,0077","0,0135","0,0007",0,"0,0020","0,0268","0,0024","0,0074",0,0,0,0,0,0,0,0,"0,0444",0,0,"0,0324",0,"0,4598",0,0,0,0,0,0,0,0,0,0,"0,0030",0,0,0,Passed,"0,0695","0,0532","1,5827",0,0,0
219,01-01-2006 12:47,25-12-25,31,AMD_01,437,GeoChem,DualSoil,"60,0",0,"0,0",0,"0,0",0,"0,0",0,0,"2,5271","13,5835","1,3671",0,"33,3090","0,4034","4,4389",0,0,0,0,0,"0,0678",0,"0,0321","0,0156","0,0018",0,"0,0037","0,0253","0,0028","0,0102",0,0,0,0,0,0,0,0,0,0,0,"0,0347",0,"0,1253",0,0,0,0,0,0,0,0,0,0,"0,0029",0,0,0,Passed,"0,3972","0,0878","4,0131",0,0,0
220,01-01-2006 12:50,25-12-25,32,AMD_01,438,GeoChem,DualSoil,"60,0",0,"0,0",0,"0,0",0,"0,0",0,0,"3,2137","17,8665","1,3194",0,"33,6114","0,6051","1,9163",0,0,"0,0064",0,0,"0,0628","0,0026","0,0100","0,0076","0,0013",0,"0,0045","0,0389","0,0027","0,0388","0,0013","0,0011",0,0,0,0,0,0,0,0,0,"0,0332",0,"0,1433",0,0,0,0,0,0,0,0,0,0,0,0,0,0,Passed,"0,2778","0,0551","3,3827",0,0,0
221,01-01-2006 12:53,25-12-25,33,AMD_01,439,GeoChem,DualSoil,"60,0",0,"0,0",0,"0,0",0,"0,0",0,0,"3,0401","18,4417","1,3766",0,"33,1137","0,3058","3,1591",0,0,"0,0046",0,0,"0,0376",0,"0,0107","0,0055",0,0,"0,0028","0,0461","0,0021","0,0182",0,0,0,0,0,0,0,0,"0,0425",0,0,"0,0385",0,"0,1294",0,0,0,0,0,0,0,0,0,0,"0,0027",0,0,0,Passed,"0,2299","0,0362","2,1672",0,0,0
222,01-01-2006 12:58,25-12-25,34,AMD_01,440,GeoChem,DualSoil,"60,0",0,"0,0",0,"0,0",0,"0,0",0,0,"1,3533","11,8689","1,8003",0,"45,9194","0,0353","1,7438",0,0,"0,0079",0,0,"0,0312",0,"0,0042","0,0042","0,0013",0,"0,0010","0,0357","0,0018","0,0205",0,0,0,0,0,0,0,0,"0,0393",0,0,"0,0417",0,"0,2380",0,0,0,0,0,0,0,0,0,0,0,0,0,0,Passed,"0,1698","0,0268","1,1440",0,0,0
223,01-01-2006 13:05,25-12-25,35,AMD_01,441,GeoChem,DualSoil,"60,0",0,"0,0",0,"0,0",0,"0,0",0,0,"0,9353","13,7430","1,8155","0,5113","45,8027","0,2144","1,7110",0,0,"0,0084",0,0,"0,0225","0,0018","0,0047","0,0038","0,0021",0,"0,0042","0,0333","0,0019","0,0102",0,"0,0014",0,0,0,0,0,0,0,0,0,"0,0672",0,"0,2319",0,0,0,0,0,0,0,0,0,0,"0,0024",0,0,0,Passed,"0,1079","0,0233","0,9749",0,0,0
224,01-01-2006 13:08,25-12-25,36,AMD_01,442,GeoChem,DualSoil,"60,0",0,"0,0",0,"0,0",0,"0,0",0,0,"1,3626","33,1297","1,3250","0,0543","32,6389","0,8240","0,1629",0,0,"0,0069",0,0,"0,0115",0,"0,0033","0,0025","0,0072",0,"0,0082","0,0224","0,0008","0,0108",0,0,0,0,0,0,0,0,0,0,0,"0,0569",0,"0,1118",0,0,0,0,0,0,0,0,0,0,"0,0024",0,0,0,Passed,"0,1177","0,0258","0,8844",0,0,0
225,01-01-2006 13:11,25-12-25,37,AMD_01,443,GeoChem,DualSoil,"62,0",0,"0,0",0,"0,0",0,"0,0",0,0,"0,9111","10,7214","1,9386",0,"49,8502","0,2143","0,9927",0,0,"0,0089",0,0,"0,0703",0,"0,0155","0,0075","0,0010",0,"0,0045","0,0569","0,0018","0,0299",0,0,0,0,0,0,0,0,"0,0542",0,0,"0,0440",0,"0,2952",0,0,0,0,0,0,0,0,0,0,0,0,0,0,Passed,"0,2411","0,0434","2,2527",0,0,0
226,01-01-2006 13:25,25-12-25,38,AMD_01,444,GeoChem,DualSoil,"60,0",0,"0,0",0,"0,0",0,"0,0",0,0,"3,1858","22,9655","1,2239",0,"30,3377","0,9191","1,9556",0,0,"0,0062",0,0,"0,0301",0,"0,0600","0,0158","0,0027",0,"0,0098","0,0282","0,0022","0,0242",0,"0,0015",0,0,0,0,0,0,0,0,0,"0,0506",0,"0,1120",0,0,0,0,0,0,0,0,0,0,"0,0037",0,0,0,Passed,"0,3504","0,0492","2,2991",0,0,0
227,01-01-2006 13:31,25-12-25,39,AMD_01,445,GeoChem,DualSoil,"60,0",0,"0,0",0,"0,0",0,"0,0",0,0,0,"1,4454","2,2984",0,"70,6379","0,0222",0,0,0,"0,0087",0,0,"0,2574","0,0098","0,5579","0,5057","2,8708","0,0104","0,0104","0,0422",0,"0,0264",0,"0,0047",0,0,0,0,"0,0281",0,0,"1,3256",0,0,0,"0,4089",0,"0,0339",0,0,0,0,0,0,"0,0193",0,"6,1311",0,0,0,Passed,"0,0340","0,0196","4,7781",0,0,0
228,01-01-2006 13:38,25-12-25,40,AMD_01,446,GeoChem,DualSoil,"60,0",0,"0,0",0,"0,0",0,"0,0",0,0,"1,3047","9,2492","1,9010",0,"48,1478",0,"0,9395",0,0,"0,0065",0,0,"0,0507",0,"0,0050","0,0031","0,0015",0,0,"0,0309","0,0022","0,0171",0,0,0,0,0,0,0,0,0,0,0,0,0,"0,2968",0,0,0,0,0,0,0,0,0,0,"0,0025",0,0,0,Passed,"0,0799","0,0321","1,5996",0,0,0
229,01-01-2006 13:42,25-12-25,41,AMD_01,447,GeoChem,DualSoil,"60,0",0,"0,0",0,"0,0",0,"0,0",0,0,"0,7419","6,8627","1,2758",0,"46,8638","0,1870","1,9534",0,0,"0,0058",0,0,"0,3302","0,0251","20,5368","0,2192","11,0777","0,0367",0,"0,0609",0,"0,0208",0,"0,0473",0,0,0,0,"0,0480",0,0,"0,6640",0,0,0,0,0,"0,1025",0,0,0,0,0,0,"0,0282",0,"20,6437",0,0,"0,0420",Passed,0,"0,0864","7,0760",0,0,0
230,01-01-2006 13:47,25-12-25,42,AMD_01,448,GeoChem,DualSoil,"60,0",0,"0,0",0,"0,0",0,"0,0",0,0,"2,8322","23,9933","1,3196",0,"33,3138","1,3310","0,3740",0,0,"0,0079",0,0,"0,0192",0,"0,0093","0,0037","0,0066",0,"0,0070","0,0061","0,0014","0,0096",0,"0,0010",0,0,0,0,0,0,0,0,0,"0,0421",0,"0,1246",0,0,0,0,0,0,0,0,0,0,"0,0105",0,0,0,Passed,"0,1449","0,0349","1,3056",0,0,0
231,01-01-2006 13:51,25-12-25,43,AMD_01,449,GeoChem,DualSoil,"60,0",0,"0,0",0,"0,0",0,"0,0",0,0,"1,9846","16,1828","1,2409",0,"32,2778","0,5014","1,2244",0,"0,0237",0,0,0,"0,3157",0,"0,2937","0,0309","0,0087",0,"0,0045","0,0026",0,"0,0029",0,"0,0031",0,0,0,0,0,0,"0,0293",0,0,0,0,"0,1443",0,0,0,0,0,0,0,0,0,0,"0,0702","0,0089",0,0,Passed,"0,0797","0,1145","14,4777",0,0,0
232,01-01-2006 13:53,25-12-25,44,AMD_01,450,GeoChem,DualSoil,"60,0",0,"0,0",0,"0,0",0,"0,0",0,0,"3,0250","16,8308","1,1732",0,"30,7643","0,9800","0,9785",0,"0,0172",0,0,0,"0,1941","0,0047","0,0794","0,0102","0,0072",0,"0,0079","0,0150",0,"0,0071",0,"0,0189",0,0,0,0,0,0,0,"0,0066",0,"0,0412",0,"0,1465",0,0,0,0,0,0,0,0,0,0,"0,0149","0,0055",0,0,Passed,"0,3127","0,0435","10,1920",0,0,0
233,01-01-2006 13:57,25-12-25,45,AMD_01,451,GeoChem,DualSoil,"60,0",0,"0,0",0,"0,0",0,"0,0",0,0,0,"0,5494","2,5869",0,"66,0143",0,"0,7627",0,0,"0,0080",0,0,"0,0840",0,"0,5790","0,0136","0,0004",0,"0,0013","0,0038","0,0020",0,0,0,0,0,0,0,0,0,"0,0374",0,0,0,0,"0,5183","0,0172",0,0,0,0,0,0,0,0,0,"0,0036",0,0,0,Passed,0,"0,1745","1,8442",0,0,0
234,01-01-2006 14:01,25-12-25,46,AMD_01,452,GeoChem,DualSoil,"60,0",0,"0,0",0,"0,0",0,"0,0",0,0,"1,9694","10,6649","1,1228","1,7280","34,4639","0,5488","5,5752",0,0,0,0,0,"0,0194","0,0252","0,2789","0,1745",0,0,"0,0086","0,5535",0,"0,0546",0,"0,0042",0,"0,0155",0,0,0,0,"0,0262",0,0,"10,3636",0,0,0,0,0,0,0,0,0,0,0,"0,0041","1,2750",0,0,0,Passed,"2,5431",0,"0,8284",0,0,0
235,01-01-2006 14:03,25-12-25,47,AMD_01,453,GeoChem,DualSoil,"60,0",0,"0,0",0,"0,0",0,"0,0",0,0,"3,1440","23,7118","1,2693",0,"30,7191","1,6117","4,3566",0,0,"0,0040",0,0,"0,0138",0,"0,0077","0,0030","0,0034",0,"0,0177","0,0092","0,0031","0,0111",0,"0,0012",0,0,0,0,0,0,0,0,0,"0,0447",0,"0,1274",0,0,0,0,0,0,0,0,0,0,"0,0027","0,0028",0,0,Passed,"0,1164","0,0350","1,0660",0,0,0
236,01-01-2006 14:07,25-12-25,48,AMD_01,454,GeoChem,DualSoil,"60,0",0,"0,0",0,"0,0",0,"0,0",0,0,"1,8320","21,6494","1,1805",0,"30,7026","0,7401","0,2168",0,"0,0189",0,0,0,"0,1976",0,"0,2672","0,0100","0,0030",0,"0,0068","0,0063",0,"0,0039",0,"0,0094",0,0,0,0,0,0,0,0,0,"0,0526",0,"0,1109",0,0,0,0,0,0,0,0,0,0,"0,0233",0,0,0,Passed,"0,1141","0,0838","10,3161",0,0,0
237,01-01-2006 14:10,25-12-25,49,AMD_01,455,GeoChem,DualSoil,"60,0",0,"0,0",0,"0,0",0,"0,0",0,0,"2,0162","16,9536","1,2361",0,"30,3321","0,6121","3,7049",0,"0,0213",0,0,0,"0,1939","0,0066","0,2246","0,0263","0,0033",0,"0,0052","0,0154","0,0047","0,0067",0,"0,0031",0,0,0,0,0,0,0,0,0,"0,3553",0,0,0,0,0,0,0,0,0,0,0,0,"0,0093",0,0,0,Passed,"0,1745","0,8898","10,8826",0,0,0
238,01-01-2006 14:12,25-12-25,50,AMD_01,456,GeoChem,DualSoil,"60,0",0,"0,0",0,"0,0",0,"0,0",0,0,"0,6780","10,0076","1,8502",0,"49,1810","0,4250","1,3785",0,0,0,0,0,"0,0198",0,"0,3508","0,0027","0,0136",0,"0,0062","0,0056","0,0047","0,0107",0,"0,0011",0,0,0,0,0,0,0,0,0,"0,0220",0,"0,2257",0,0,0,0,0,0,0,0,0,0,0,"0,0052",0,0,Passed,"0,1139","0,0329","0,7194",0,0,0
239,01-01-2006 14:16,25-12-25,51,AMD_01,457,GeoChem,DualSoil,"60,0",0,"0,0",0,"0,0",0,"0,0",0,0,"0,3852",0,"2,4590",0,"68,9907",0,0,0,0,"0,0089",0,0,"0,6446",0,"2,4341","0,0216","0,0117",0,"0,0042",0,0,"0,0029",0,"0,0057",0,0,0,"0,0134",0,0,0,0,0,"0,0411",0,"0,4661","0,0336",0,"0,0153",0,0,0,0,0,0,0,"0,0321","0,1167",0,0,Passed,0,"0,1580","12,2304",0,0,0
240,01-01-2006 14:18,25-12-25,52,AMD_01,458,GeoChem,DualSoil,"60,0",0,"0,0",0,"0,0",0,"0,0",0,0,"1,2369","6,3422","1,8737","0,3638","47,5880","0,5668","1,5738",0,0,0,0,0,"0,1354","0,0133","0,6925","0,8195","0,1877",0,"0,0104","0,0804",0,"0,0152",0,"0,0032",0,0,0,"0,0589",0,0,0,"0,1514",0,"1,8962",0,0,0,0,0,0,0,0,"0,0062",0,0,0,"0,0399",0,0,0,Passed,"0,4618","0,0858","3,9647",0,0,0
241,01-01-2006 14:21,25-12-25,53,AMD_01,459,GeoChem,DualSoil,"60,0",0,"0,0",0,"0,0",0,"0,0",0,0,"3,0460","21,5121","1,3411",0,"32,8454","1,6768","1,9387",0,0,"0,0075",0,0,"0,0191",0,"0,0060","0,0033","0,0010",0,"0,0135","0,0140","0,0028","0,0139",0,0,0,0,0,0,0,0,0,0,0,"0,0618",0,"0,1295",0,0,0,0,0,0,0,0,0,0,0,0,0,0,Passed,"0,1526","0,0229","1,3037",0,0,0
242,01-01-2006 14:25,25-12-25,54,AMD_01,460,GeoChem,0,"1,0",NO RESULTS,"100,0",0,"0,0",0,"0,0",0,0,0,0,0,0,0,0,0,0,0,0,0,0,0,0,0,0,0,0,0,0,0,0,0,0,0,0,0,0,0,0,0,0,0,0,0,0,0,0,0,0,0,0,0,0,0,0,0,0,0,0,Passed,0,0,0,0,0,0
243,01-01-2006 12:01,25-12-25,55,AMD_01,461,GeoChem,DualSoil,"60,0",0,"0,0",0,"0,0",0,"0,0",0,0,"0,4494","1,2214","2,2530",0,"60,0280","0,0177","0,6652",0,0,"0,0069",0,0,"0,0754",0,"0,0059","0,1643","0,0043",0,"0,0054","0,0261","0,0017","0,0097",0,"0,0012",0,0,0,0,0,0,0,0,0,"0,0677",0,"0,3891",0,0,"0,0030",0,0,0,"0,0135",0,0,0,"0,0065",0,0,0,Passed,"0,0892","0,0524","1,6398",0,0,0
244,01-01-2006 12:18,25-12-25,56,AMD_01,462,GeoChem,DualSoil,"60,0",0,"0,0",0,"0,0",0,"0,0",0,0,"0,8498","5,0669","1,5639",0,"34,2407",0,"1,9390",0,0,0,0,0,"0,8704","0,0127","0,4215","0,0162",0,"0,0106","0,0053",0,0,"0,0066",0,"0,0043",0,0,0,0,0,0,"0,0284",0,0,"0,0622",0,0,0,0,0,0,0,0,0,0,0,0,"0,0316","0,0372",0,0,Passed,"0,1687","0,3365","25,8090",0,0,0
245,01-01-2006 12:23,25-12-25,57,AMD_01,463,GeoChem,DualSoil,"60,0",0,"0,0",0,"0,0",0,"0,0",0,0,"1,4747","12,7974","1,2486","5,0340","35,9982","0,3802","1,1903",0,0,0,0,0,"0,2089","0,0044","0,0067","0,0037","0,0030",0,"0,0033","0,0051",0,"0,0043",0,0,0,0,0,0,0,0,0,0,0,0,0,"0,1701",0,0,0,0,0,0,0,0,0,0,"0,0044",0,0,0,Passed,"0,1643","0,0165","11,9816",0,0,0
246,01-01-2006 12:32,25-12-25,58,AMD_01,464,GeoChem,DualSoil,"60,0",0,"0,0",0,"0,0",0,"0,0",0,0,0,"19,3479","1,1818","2,7449","34,0946",0,0,0,0,0,0,0,"0,0135","0,0300","0,0450","0,0059","0,7230",0,0,"0,3545",0,"0,0360",0,0,0,"0,0215",0,0,0,0,"0,0745","0,0227",0,"15,6998",0,0,0,0,0,0,0,0,0,0,0,0,"0,0636",0,0,0,Passed,"3,7009",0,"0,4672",0,0,0
247,01-01-2006 12:44,25-12-25,59,AMD_01,465,GeoChem,DualSoil,"60,0",0,"0,0",0,"0,0",0,"0,0",0,0,"0,5411","12,9580","1,2727","0,6977","39,9114","0,0315",0,0,0,0,0,0,"0,0112","0,0754","32,6606",0,"6,7195","0,0206",0,"0,0769",0,"0,0242",0,0,0,0,0,0,0,0,0,"0,2121",0,"7,3434",0,0,0,0,0,0,0,0,0,0,"0,0400",0,"0,0243",0,"0,0573",0,Passed,"1,4010",0,"0,2794",0,0,0
248,01-01-2006 12:47,25-12-25,60,AMD_01,466,GeoChem,DualSoil,"60,0",0,"0,0",0,"0,0",0,"0,0",0,0,"1,2011","6,7895","1,7483",0,"48,6940","0,3163",0,0,0,0,0,0,"0,4557","0,0048","0,0686","0,0089","0,0075",0,"0,0055","0,0029","0,0021","0,0038",0,"0,0048",0,0,0,0,0,0,0,0,0,0,0,"0,3102",0,0,0,0,0,0,0,0,0,0,"0,0081",0,0,0,Passed,"0,0743","0,0550","12,4812",0,0,0
249,01-01-2006 12:52,25-12-25,61,AMD_01,467,GeoChem,DualSoil,"60,0",0,"0,0",0,"0,0",0,"0,0",0,0,"1,7666","12,7821","1,2277","5,5172","36,3604","0,2838","2,1283",0,0,0,0,0,"0,1402","0,0030","0,0044","0,0036","0,0027",0,"0,0024","0,0051",0,"0,0071",0,"0,0012",0,0,0,0,0,0,0,0,0,0,0,"0,1880",0,0,0,0,0,0,0,0,0,0,"0,0035",0,0,0,Passed,"0,2579","0,0135","9,2554",0,0,0
250,01-01-2006 12:55,25-12-25,62,AMD_01,468,GeoChem,DualSoil,"60,0",0,"0,0",0,"0,0",0,"0,0",0,0,"0,8520","20,8738","1,4175","3,2503","34,2861","0,2483","1,2648",0,0,0,0,0,"0,1041",0,"0,0050","0,0031","0,0075",0,"0,0014","0,0027","0,0014","0,0025",0,0,0,0,0,0,0,0,0,0,0,0,0,"0,1540",0,0,0,0,0,0,0,0,0,0,0,0,0,0,Passed,"0,0801","0,0082","6,6497",0,0,0
251,01-01-2006 12:59,25-12-25,63,AMD_01,469,GeoChem,DualSoil,"60,0",0,"0,0",0,"0,0",0,"0,0",0,0,"0,9260","27,0793","1,1895",0,"32,0610","0,3272","0,0850",0,0,"0,0052",0,0,"0,1167",0,"2,4592","0,0664","0,4138",0,"0,0041","0,0144",0,"0,0067",0,"0,0105",0,0,0,"0,0105",0,0,0,"0,1358",0,"0,0312",0,0,0,0,0,0,0,0,0,0,0,0,"0,1041","0,3746",0,0,Passed,"0,0645","0,2090","5,5951",0,0,0
252,01-01-2006 13:06,25-12-25,64,AMD_01,470,GeoChem,DualSoil,"60,0",0,"0,0",0,"0,0",0,"0,0",0,0,0,"1,9522","2,1401","0,2977","61,8275","0,0364",0,0,0,0,0,0,"0,1270","0,0257","0,8924","0,0446","0,1118",0,"0,0079","0,4392",0,"0,0470",0,0,0,"0,0177",0,0,0,0,"0,0754","0,1520",0,"14,0953",0,0,0,0,0,0,0,0,0,0,0,0,"0,0752","0,2143",0,0,Passed,"1,8673","0,0887","2,8236",0,0,0
253,01-01-2006 13:15,25-12-25,65,AMD_01,471,GeoChem,DualSoil,"60,0",No Match,"0,0",0,"0,0",0,"0,0",0,0,"0,7146","7,0975","1,9338",0,"52,0813","0,3077","0,0803",0,0,0,0,0,"0,1409",0,"1,7610","0,0406","0,1250",0,"0,0121","0,0628",0,"0,0126",0,"0,0075",0,0,0,0,0,0,0,"0,1290",0,"2,6839",0,0,0,0,0,0,0,0,0,0,"0,0071",0,"0,0630","0,1182",0,0,Passed,"0,4372","0,2786","3,9403",0,0,0
254,01-01-2006 13:18,25-12-25,66,AMD_01,472,GeoChem,DualSoil,"60,0",No Match,"0,0",0,"0,0",0,"0,0",0,0,"0,5017","0,8135","2,6698",0,"74,0887",0,0,0,0,0,0,0,"0,1041","0,0143","1,3118","0,0477","0,1271",0,"0,0044","0,1866",0,"0,0222",0,"0,0079",0,"0,0103",0,0,0,0,"0,0267","0,1674",0,"7,6926",0,0,"0,0312",0,0,0,0,0,0,0,"0,0081",0,"0,1235","0,3423",0,0,Passed,"0,1557","0,0461","1,6069",0,0,0
255,01-01-2006 13:21,25-12-25,67,AMD_01,473,GeoChem,DualSoil,"60,0",No Match,"0,0",0,"0,0",0,"0,0",0,0,"0,6324","3,0245","1,9156",0,"49,2818",0,"0,6028",0,0,0,0,0,"0,6173",0,"0,1310","0,0191","0,0009","0,0086","0,0022","0,1088",0,"0,0230",0,0,0,0,0,0,0,0,0,0,0,0,0,"0,3119",0,0,0,0,0,0,0,0,0,0,"0,0141","0,0176",0,0,Passed,"0,3056","0,0278","16,4527",0,0,0
256,01-01-2006 13:26,25-12-25,68,AMD_01,474,GeoChem,DualSoil,"60,0",CuNi25Zn15,"0,0",Rg2,"0,0",CuNi30Mn,"0,0",0,0,"0,8147","14,6286","1,2592","0,6469","38,6988","0,0626","0,0365",0,0,0,0,0,"0,0110","0,0730","33,2100",0,"7,2185","0,0211",0,"0,0858",0,"0,0277",0,0,0,0,0,0,0,0,0,"0,2422",0,"7,8854",0,0,0,0,0,0,0,0,0,0,"0,0392",0,"0,0254",0,"0,0569",0,Passed,"1,4325",0,"0,3612",0,0,0
257,01-01-2006 13:30,25-12-25,69,AMD_01,475,GeoChem,DualSoil,"60,0",No Match,"0,0",0,"0,0",0,"0,0",0,0,"0,5691","1,1310","2,4037",0,"63,9176",0,0,0,0,"0,0063",0,0,"0,4961","0,0053","0,0088","0,0141","0,0046",0,"0,0018","0,0041",0,"0,0040",0,0,0,0,0,0,0,0,0,0,0,0,0,"0,4600",0,0,0,0,0,0,0,0,0,0,"0,0057",0,0,0,Passed,"0,0274","0,0405","9,6680",0,0,0
258,01-01-2006 13:35,25-12-25,70,AMD_01,476,GeoChem,DualSoil,"60,0",No Match,"0,0",0,"0,0",0,"0,0",0,0,"1,1706","3,1468","1,8151","3,7360","51,9514","0,0971","0,1020",0,0,0,0,0,"0,3487","0,0034","0,0049","0,0042","0,0038",0,"0,0019","0,0037","0,0016","0,0046",0,0,0,0,0,0,0,0,"0,0238",0,0,0,0,"0,3315",0,0,0,0,0,0,0,0,0,0,"0,0035",0,0,0,Passed,"0,1132","0,0236","10,5046",0,0,0
259,01-01-2006 13:39,25-12-25,71,AMD_01,477,GeoChem,DualSoil,"60,0",No Match,"0,0",0,"0,0",0,"0,0",0,0,"0,4745","2,7973","2,2438",0,"56,0757",0,"2,7430",0,0,"0,0069",0,0,"0,2412","0,0045","1,1196","0,0202","0,0036",0,0,0,0,"0,0018",0,"0,0020",0,0,0,0,0,0,0,0,0,0,0,"0,3755",0,0,0,0,0,0,0,0,0,0,0,0,0,0,Passed,"0,0079","0,1377","6,2409",0,0,0
260,01-01-2006 13:42,25-12-25,72,AMD_01,478,GeoChem,DualSoil,"60,0",No Match,"0,0",0,"0,0",0,"0,0",0,0,"3,0196","16,0142","1,4808",0,"34,3512","0,4517","4,0377",0,0,"0,0071",0,0,"0,0407",0,"0,0086","0,0052","0,0007",0,"0,0029","0,0133","0,0018","0,0082",0,0,0,0,0,0,0,0,0,0,0,"0,0239",0,"0,1699",0,0,0,0,0,0,0,0,0,0,0,0,0,0,Passed,"0,1887","0,0606","2,4649",0,0,0
261,01-01-2006 13:46,25-12-25,73,AMD_01,479,GeoChem,DualSoil,"60,0",No Match,"0,0",0,"0,0",0,"0,0",0,"1,6492","10,4068","42,4667","0,1152","0,2275","1,0299","4,8604","6,5185",0,"0,0062",0,0,0,0,"0,0130","0,0278","0,0399","0,0036",0,"0,0515","0,0227",0,"0,0103",0,0,0,0,0,"3,4668",0,0,0,0,0,"0,0878",0,0,0,0,0,0,0,0,0,0,0,0,"0,0051","0,0093",0,0,Passed,"0,1944","0,1314","0,6833",0,0,0
262,01-01-2006 13:49,25-12-25,74,AMD_01,480,GeoChem,DualSoil,"60,0",No Match,"0,0",0,"0,0",0,"0,0",0,0,"1,0387","4,1039","1,6796",0,"47,0997","0,2999","0,4608",0,"0,0347",0,0,0,"0,7551","0,0119","0,0605","0,0077","0,0335","0,0016","0,0070","0,0034",0,"0,0037",0,"0,0034",0,0,0,0,0,0,"0,0453",0,0,0,0,"0,2481",0,0,0,0,0,0,0,0,0,0,"0,0169","0,0075",0,0,Passed,0,"0,0684","19,7088",0,0,0
263,01-01-2006 13:52,25-12-25,75,AMD_01,481,GeoChem,DualSoil,"60,0",No Match,"0,0",0,"0,0",0,"0,0",0,0,"1,7565","9,7955","1,2105","0,3307","32,2529","0,5183","4,2355",0,"0,0218",0,0,0,"0,3394","0,0055","0,0674","0,0037","0,0508",0,"0,0046","0,0279",0,"0,0056",0,"0,0060",0,0,0,0,0,0,0,0,0,0,0,"0,1211",0,0,0,0,0,0,0,0,0,0,"0,0093","0,0065",0,0,Passed,"0,0478","0,0557","16,3776",0,0,0
264,01-01-2006 13:56,25-12-25,76,AMD_01,482,GeoChem,DualSoil,"60,0",No Match,"0,0",0,"0,0",0,"0,0",0,0,"0,7780","5,0927","2,0964",0,"48,7660",0,"1,3091",0,0,0,0,0,"0,2077","0,0102","6,1429","0,0250","0,0085",0,0,"0,0182","0,0026","0,0050",0,0,0,0,0,0,0,0,0,0,0,0,0,"0,2641",0,0,0,0,0,0,0,0,0,0,0,0,0,0,Passed,"0,0884","0,5233","5,8957",0,0,0
265,01-01-2006 14:02,25-12-25,77,AMD_01,483,GeoChem,DualSoil,"60,0",No Match,"0,0",0,"0,0",0,"0,0",0,0,"0,4636",0,"2,7762",0,"72,7348",0,0,0,0,"0,0101",0,0,"0,1194",0,"0,5208","0,0320","0,0037",0,"0,0014","0,0095","0,0017","0,0035",0,0,0,0,0,0,0,0,0,0,0,"0,0305",0,"0,5822","0,0397",0,0,0,0,0,0,0,0,0,0,0,0,0,Passed,0,"0,0419","1,4509",0,0,0
266,01-01-2006 14:07,25-12-25,78,AMD_01,484,GeoChem,DualSoil,"60,0",No Match,"0,0",0,"0,0",0,"0,0",0,0,"0,7321","3,6474","1,5204","0,1250","28,3793",0,"26,5580",0,0,0,0,0,"0,0230","0,0050","0,0403","0,0245","0,0140",0,0,"0,0570","0,0097","0,0054",0,0,0,0,0,0,0,0,"0,0274",0,0,"2,0183",0,0,0,0,0,0,0,0,0,0,0,0,0,0,0,0,Passed,"0,4461","0,1206","3,0433",0,0,0
267,01-01-2006 14:10,25-12-25,79,AMD_01,485,GeoChem,DualSoil,"60,0",No Match,"0,0",0,"0,0",0,"0,0",0,0,"0,8380","7,7274","1,4980",0,"33,4541","0,1947","15,9842",0,0,0,0,0,"0,0961","0,0033","0,0437","0,0048","0,0025",0,"0,0021","0,0068","0,0032","0,0023",0,"0,0017",0,0,0,0,0,0,0,"0,0062",0,0,0,"0,1480",0,0,0,0,0,0,0,0,0,0,0,0,0,0,Passed,"0,0155","0,2502","6,8150",0,0,0
268,01-01-2006 14:14,25-12-25,80,AMD_01,486,GeoChem,DualSoil,"60,0",No Match,"0,0",0,"0,0",0,"0,0",0,0,"0,5374","1,3091","2,0600",0,"47,9980",0,"13,6075",0,0,0,0,0,"0,0253",0,"0,0135","0,0054","0,0030",0,0,"0,0081","0,0012","0,0015",0,"0,0014",0,0,0,"0,0049",0,0,0,0,0,0,0,"0,3039",0,0,0,0,0,0,0,0,0,0,"0,0033",0,0,0,Passed,"0,0341","0,1951","1,2969",0,0,0
269,01-01-2006 14:17,25-12-25,81,AMD_01,487,GeoChem,DualSoil,"60,0",No Match,"0,0",0,"0,0",0,"0,0",0,0,"1,1096","2,6876","1,4778",0,"29,8635",0,"23,4119",0,0,0,0,0,"0,0123","0,0051","8,3606","0,0034",0,0,0,"0,0124",0,"0,0028",0,"0,0020",0,0,0,0,0,0,0,0,0,0,0,"0,1315",0,0,0,0,0,0,0,0,0,0,0,0,0,0,Passed,"0,0722","0,1745","1,9288",0,0,0
270,01-01-2006 14:21,25-12-25,82,AMD_01,488,GeoChem,DualSoil,"60,0",No Match,"0,0",0,"0,0",0,"0,0",0,0,"2,5999","14,2027","1,4761","1,0577","35,3411","0,6938","2,7518",0,0,0,0,0,"0,0725","0,0026","0,0144","0,0075","0,0007",0,"0,0042","0,0423","0,0015","0,0119",0,0,0,0,0,0,0,0,0,0,0,"0,0891",0,"0,1215",0,0,0,0,0,0,0,0,0,0,0,0,0,0,Passed,"0,2874","0,0340","3,5741",0,0,0
271,01-01-2006 14:35,25-12-25,83,AMD_01,489,GeoChem,DualSoil,"60,0",No Match,"0,0",0,"0,0",0,"0,0",0,0,"0,6494","4,4522","1,9151",0,"46,2119","0,1671","9,4234",0,0,0,0,0,"0,0758","0,0025","0,0117","0,0048","0,0043",0,"0,0023","0,0080","0,0038","0,0017",0,0,0,0,0,0,0,0,0,0,0,0,0,"0,2935",0,0,0,0,0,0,0,0,0,0,0,0,0,0,Passed,"0,0273","0,2277","3,2949",0,0,0
272,01-01-2006 14:38,25-12-25,84,AMD_01,490,GeoChem,DualSoil,"60,0",No Match,"0,0",0,"0,0",0,"0,0",0,0,"0,8112","4,6863","2,2142",0,"48,1643",0,"3,3420",0,0,"0,0057",0,0,"0,3232","0,0083","1,1639","0,0165","0,0119",0,0,"0,0284","0,0029","0,0052",0,"0,0015",0,0,0,0,0,0,0,0,0,"0,0501",0,"0,2738",0,0,0,0,0,0,0,0,0,0,"0,0047","0,0051",0,0,Passed,"0,0616","1,3986","9,3059",0,0,0
273,01-01-2006 14:42,25-12-25,85,AMD_01,491,GeoChem,DualSoil,"60,0",No Match,"0,0",0,"0,0",0,"0,0",0,0,"1,0385","4,7427","2,0061","2,3021","34,3665","0,0395","7,3504",0,0,0,0,0,"0,4650","0,0163","0,0133","0,0089","0,0017",0,"0,0033","0,0248","0,0025","0,0046",0,"0,0027",0,0,0,0,0,0,0,0,0,"0,0489",0,0,0,0,0,0,0,0,0,0,0,0,"0,0152",0,0,0,Passed,0,"0,1164","22,4401",0,0,0
274,01-01-2006 14:46,25-12-25,86,AMD_01,492,GeoChem,DualSoil,"60,0",No Match,"0,0",0,"0,0",0,"0,0",0,0,"0,7145","2,7452","2,2017",0,"59,5091","0,0531","0,2098",0,0,0,0,0,"0,5239","0,0066","0,1778","0,0126","0,0289",0,"0,0051","0,0034","0,0028","0,0020",0,"0,0032",0,0,0,0,0,0,"0,0232",0,0,0,0,"0,4012",0,0,0,0,0,0,0,0,0,0,"0,0098","0,0067",0,0,Passed,0,"0,0903","11,3619",0,0,0
275,01-01-2006 14:50,25-12-25,87,AMD_01,493,GeoChem,DualSoil,"61,0",No Match,"0,0",0,"0,0",0,"0,0",0,0,"0,6297","2,4847","2,3769",0,"58,5433",0,"1,6781",0,0,"0,0092",0,0,"0,0905","0,0043","0,0620","0,0084","0,0011","0,0023",0,"0,0105","0,0021","0,0091","0,0014",0,0,0,0,0,0,0,"0,0588",0,0,0,0,"0,4255",0,0,0,0,0,0,0,0,0,0,"0,0054",0,0,0,Passed,"0,1545","0,1032","2,0551",0,0,0
276,01-01-2006 14:55,25-12-25,88,AMD_01,494,GeoChem,DualSoil,"60,0",No Match,"0,0",0,"0,0",0,"0,0",0,0,"1,4233","16,4710","1,2593",0,"33,8421","0,4270","0,8173",0,0,0,0,0,"0,2343",0,"3,5480","0,0670","0,2017",0,"0,0063","0,0088",0,"0,0032",0,"0,0058",0,0,0,0,0,0,0,"0,0987",0,"0,0391",0,"0,1067",0,0,0,0,0,0,0,0,0,0,"0,0290","0,0336",0,0,Passed,"0,0903","0,7208","11,2530",0,0,0
277,01-01-2006 14:59,25-12-25,89,AMD_01,495,GeoChem,DualSoil,"60,0",No Match,"0,0",0,"0,0",0,"0,0",0,0,"0,4091","10,7598","1,7082",0,"48,2601","0,0612",0,0,0,"0,0053",0,0,"0,1976","0,0097","5,1529","0,1268","0,4432",0,"0,0028","0,0103",0,"0,0050",0,"0,0096",0,0,0,"0,0089",0,0,0,"0,1858",0,0,0,"0,2608","0,0288",0,0,0,0,0,0,0,"0,0055",0,"0,1185","0,2813",0,0,Passed,"0,0280","0,2956","5,6710",0,0,0
278,01-01-2006 15:03,25-12-25,90,AMD_01,496,GeoChem,DualSoil,"60,0",No Match,"0,0",0,"0,0",0,"0,0",0,0,"0,5710","1,3931","2,3774",0,"65,2969",0,"0,1873",0,0,0,0,0,"0,2367","0,0091","0,7768","0,5543","0,2916",0,"0,0050","0,0735",0,"0,0127",0,"0,0025",0,0,0,"0,0156","0,0077",0,0,"0,0525",0,"2,6567",0,0,0,"0,0138",0,0,0,0,0,0,0,0,"3,3166",0,0,0,Passed,"0,2283","0,9300","5,2827",0,0,0
279,01-01-2006 15:18,25-12-25,91,AMD_01,497,GeoChem,DualSoil,"60,0",No Match,"0,0",0,"0,0",0,"0,0",0,0,"1,4417","5,1708","1,3633","1,3556","32,5217",0,"10,3267",0,0,0,0,0,"0,2661","0,0087","4,4553","5,2891","0,0130",0,0,"0,0034","0,0045","0,0023",0,"0,0023",0,0,0,"0,0048","0,0053",0,0,0,0,0,0,"0,1358",0,0,0,0,0,0,0,0,0,0,"0,1178","0,0765",0,"0,0135",Passed,"0,0470","0,3353","14,1716",0,0,0
280,01-01-2006 15:20,25-12-25,92,AMD_01,498,GeoChem,DualSoil,"60,0",No Match,"0,0",0,"0,0",0,"0,0",0,0,"1,3225","15,6199","1,1493",0,"31,5690","0,4042",0,0,0,0,0,0,"0,2234","0,0107","9,6695","0,0522","0,1559",0,"0,0055","0,0108",0,"0,0038",0,"0,0037",0,0,0,0,0,0,0,"0,1054",0,"0,4115",0,0,0,0,0,0,0,0,0,0,0,0,"0,0163","0,1004","0,0059",0,Passed,"0,1154","0,5653","10,9046",0,0,0
281,01-01-2006 15:24,25-12-25,93,AMD_01,499,GeoChem,DualSoil,"60,0",No Match,"0,0",0,"0,0",0,"0,0",0,0,"0,7816","10,7537","5,7185",0,"35,9170","0,0126","11,5480",0,"0,0154",0,0,0,"0,1075","0,0155","0,0436","0,0170","0,0079",0,0,"0,0147","0,0366","0,0024",0,0,0,0,0,0,0,0,0,0,0,0,0,"0,2724",0,0,0,0,0,0,0,0,0,0,"0,0099","0,0035",0,0,Passed,"0,0872","0,1018","5,7943",0,0,0
282,01-01-2006 15:27,25-12-25,94,AMD_01,500,GeoChem,DualSoil,"60,0",No Match,"0,0",0,"0,0",0,"0,0",0,0,"1,3552","9,8149","1,2324",0,"32,6656","0,0370","1,9446",0,0,0,0,0,"0,3062","0,0178","10,3373","0,1113","0,0063",0,"0,0016",0,"0,0037","0,0036",0,"0,0038",0,0,0,"0,0081",0,0,0,0,0,0,0,"0,1387",0,0,0,0,0,0,0,0,0,0,"0,4251","0,0679",0,0,Passed,"0,0862","1,2293","13,1406",0,0,0
283,01-01-2006 15:31,25-12-25,95,AMD_01,501,GeoChem,DualSoil,"60,0",No Match,"0,0",0,"0,0",0,"0,0",0,0,"1,2795","5,6833","1,3473",0,"41,0370","0,3514","0,8484",0,0,0,0,0,"0,3645","0,0214","1,5862","3,9382","0,2644",0,"0,0088","0,0486",0,"0,0226",0,0,0,0,0,"0,0207","0,0159",0,0,"0,1133",0,"5,1296",0,0,0,"0,0807",0,0,0,0,0,0,0,"0,0138","13,8274",0,0,0,Passed,"0,8660","0,0123","8,4535",0,0,0
284,01-01-2006 15:34,25-12-25,96,AMD_01,502,GeoChem,DualSoil,"60,0",No Match,"0,0",0,"0,0",0,"0,0",0,0,"1,0074","1,1298","1,9172",0,"55,7454","0,0612",0,0,0,0,0,0,"0,9532","0,0160","0,0247","0,2724","0,1234","0,0053","0,0109",0,0,"0,0206",0,"0,0048",0,0,0,0,0,0,0,"0,0250",0,"0,1811",0,"0,2142",0,"0,0151",0,0,0,0,0,0,0,"0,0073","3,1628",0,0,0,Passed,"0,2082","0,0347","20,6164",0,0,0
285,01-01-2006 15:42,25-12-25,97,AMD_01,503,GeoChem,DualSoil,"60,0",No Match,"0,0",0,"0,0",0,"0,0",0,0,"1,1249","2,7224","1,6941",0,"46,8235","0,3093",0,0,"0,0167",0,0,0,"0,8369","0,0146","0,7332","0,0125","0,1160","0,0020","0,0078",0,"0,0030","0,0088",0,"0,0076",0,0,0,0,0,0,"0,0333","0,1013",0,"0,0425",0,"0,1993",0,0,0,0,0,0,0,0,0,0,"0,0200","0,0093",0,0,Passed,"0,1654","0,0744","20,1091",0,0,0
286,01-01-2006 15:46,25-12-25,98,AMD_01,504,GeoChem,DualSoil,"60,0",No Match,"0,0",0,"0,0",0,"0,0",0,0,"0,9949","12,0965","1,3285",0,"35,7406","0,0178",0,0,0,0,0,0,"0,4709",0,"5,3496","5,3509","0,2079",0,"0,0033","0,0062",0,"0,0077",0,0,0,0,0,0,0,0,0,0,0,0,0,"0,1475",0,"0,0344",0,0,0,0,0,0,0,0,"5,4298",0,0,0,Passed,"0,0116","0,0349","13,2313",0,0,0
287,01-01-2006 15:49,25-12-25,99,AMD_01,505,GeoChem,DualSoil,"60,0",No Match,"0,0",0,"0,0",0,"0,0",0,0,"0,7276","6,5989","1,1351","5,3274","34,1344","0,0946","0,2736",0,0,0,0,0,"0,3624",0,"0,4718","0,4123","0,4058","0,0155","0,0024","0,0144",0,"0,0076",0,0,0,0,0,0,0,0,"0,0231","0,0161",0,0,0,"0,1496",0,"0,0219",0,0,0,0,0,0,0,"0,0123","4,1353",0,0,0,Passed,"0,0091","0,0269","16,8087",0,0,0
288,01-01-2006 15:53,25-12-25,100,AMD_01,506,GeoChem,DualSoil,"60,0",No Match,"0,0",0,"0,0",0,"0,0",0,0,"0,9923","21,8926","1,3886",0,"34,5225","0,2757","4,2881",0,0,"0,0086",0,0,"0,0434","0,0046","0,0075","0,0048","0,0156",0,"0,0031","0,0047","0,0010","0,0021",0,0,0,0,0,0,0,0,0,0,0,0,0,"0,1714",0,0,0,0,0,0,0,0,0,0,"0,0064",0,0,0,Passed,"0,1193","0,1534","2,7460",0,0,0
289,01-01-2006 15:56,25-12-25,101,AMD_01,507,GeoChem,DualSoil,"60,0",No Match,"0,0",0,"0,0",0,"0,0",0,0,"1,5095","10,3245","1,2884",0,"34,8941","0,0690",0,0,0,0,0,0,"0,5314",0,"0,9228","1,8626","0,1911",0,"0,0035","0,0038",0,"0,0052",0,0,0,0,0,0,0,0,"0,0180",0,0,0,0,"0,1460",0,"0,0158",0,0,0,0,0,0,0,"0,0050","2,7306",0,0,0,Passed,"0,0324","0,0499","16,6160",0,0,0
290,01-01-2006 15:59,25-12-25,102,AMD_01,508,GeoChem,DualSoil,"60,0",No Match,"0,0",0,"0,0",0,"0,0",0,0,"1,4157","6,0988","1,6988","0,9382","45,9252","0,6992",0,0,0,"0,0089",0,0,"0,3014","0,0058","0,0260","0,0110","0,4434",0,"0,0094","0,0142","0,0025","0,0093",0,0,0,0,0,0,0,0,"0,0319","0,0267",0,0,0,"0,2672",0,0,0,0,0,0,0,0,0,0,"0,0059",0,0,0,Passed,"0,1787","0,0978","9,4681",0,0,0
291,01-01-2006 16:02,25-12-25,103,AMD_01,509,GeoChem,DualSoil,"60,0",No Match,"0,0",0,"0,0",0,"0,0",0,0,"0,5212","4,9438","1,6201","0,2921","46,1383","0,1417","0,9055",0,0,0,0,0,"0,3479","0,0127","2,8283","0,0404","0,2115",0,"0,0048","0,2216",0,"0,0237",0,"0,0041",0,0,0,0,0,0,"0,0471","0,1083",0,"7,3652",0,0,0,0,0,0,0,0,0,0,0,0,"0,0202","0,1391",0,0,Passed,"1,2502","0,4324","9,1027",0,0,0
292,01-01-2006 16:04,25-12-25,104,AMD_01,510,GeoChem,DualSoil,"62,0",No Match,"0,0",0,"0,0",0,"0,0",0,0,"0,9933","6,9304","1,3014",0,"38,4973","0,0615",0,0,0,0,0,0,"0,6140",0,"1,4914","1,1456","0,1294","0,0129",0,"0,0092",0,"0,0145",0,0,0,0,0,0,0,0,"0,0371",0,0,0,0,"0,1304",0,"0,0923",0,0,0,0,0,0,0,"0,0228","13,2333",0,0,0,Passed,"0,0284","0,0237","15,6043",0,0,0
293,01-01-2006 16:07,25-12-25,105,AMD_01,511,GeoChem,DualSoil,"60,0",No Match,"0,0",0,"0,0",0,"0,0",0,0,"0,9419","1,7721","1,6597",0,"47,7200","0,0881",0,0,"0,0352",0,0,0,"1,1238","0,0138","0,6628","0,0090",0,0,"0,0076",0,0,"0,0033",0,"0,0090",0,0,0,0,0,0,0,0,0,"0,0439",0,"0,2251",0,0,0,0,0,0,0,0,0,0,"0,0326","0,0177",0,0,Passed,"0,0607","0,0588","26,4689",0,0,0
294,01-01-2006 16:10,25-12-25,106,AMD_01,512,GeoChem,DualSoil,"60,0",No Match,"0,0",0,"0,0",0,"0,0",0,0,"0,8681","26,9832","1,2545",0,"31,1063","0,3053","3,7996",0,"0,0115","0,0099",0,0,"0,0438",0,"0,0092","0,0068","0,1277",0,"0,0029","0,0019",0,"0,0052",0,"0,0012",0,0,0,0,0,0,0,0,0,0,0,"0,1351",0,0,0,0,0,0,0,0,0,0,"0,0216",0,0,0,Passed,"0,0709","0,0303","3,1942",0,0,0